datetime,open,high,low,close,volume
2020-07-01T00:00:00,12320,13370,11970,12340,195790.062212
2020-07-02T00:00:00,12340,12370,11400,11660,128022.834875
2020-07-03T00:00:00,11660,11660,10990,11170,76638.707726
2020-07-04T00:00:00,11180,11230,10860,11180,40331.617179
2020-07-05T00:00:00,11140,11160,10650,10930,34769.151021
2020-07-06T00:00:00,10920,12590,10700,12100,324386.807245
2020-07-07T00:00:00,12060,13400,11530,11820,388615.83975
2020-07-08T00:00:00,11810,12700,11640,11990,293674.434388
2020-07-09T00:00:00,11990,12200,11180,11450,186380.546772
2020-07-10T00:00:00,11480,11480,11080,11330,59375.085132
2020-07-11T00:00:00,11330,12150,11110,11850,188398.133588
2020-07-12T00:00:00,11840,12090,11550,11800,132224.630094
2020-07-13T00:00:00,11800,11960,11480,11550,101143.582085
2020-07-14T00:00:00,11540,11580,11140,11460,59626.606873
2020-07-15T00:00:00,11490,11520,11250,11370,23773.36225
2020-07-16T00:00:00,11310,11350,10810,11150,64449.196843
2020-07-17T00:00:00,11140,11280,10880,11050,33910.041057
2020-07-18T00:00:00,11100,11210,10940,11140,41419.574935
2020-07-19T00:00:00,11140,11230,10960,11230,34685.871638
2020-07-20T00:00:00,11200,11230,11050,11090,43430.862825
2020-07-21T00:00:00,11100,11960,11080,11670,234748.820063
2020-07-22T00:00:00,11680,11900,11450,11820,82628.509761
2020-07-23T00:00:00,11800,11900,11510,11630,88302.115452
2020-07-24T00:00:00,11660,11700,11290,11350,54804.868258
2020-07-25T00:00:00,11360,11870,11350,11860,88955.504545
2020-07-26T00:00:00,11860,12530,11680,12030,277684.943894
2020-07-27T00:00:00,12030,12770,11770,12560,434149.395293
2020-07-28T00:00:00,12520,13610,12180,12850,508005.87245
2020-07-29T00:00:00,12850,13290,12530,12910,289928.458195
2020-07-30T00:00:00,12910,12910,12240,12620,148851.376447
2020-07-31T00:00:00,12630,13290,12200,13000,286878.079576
2020-08-01T00:00:00,13010,13600,12800,13520,268142.527147
2020-08-02T00:00:00,13520,14700,11950,12190,424806.036132
2020-08-03T00:00:00,12180,13000,12130,12740,206220.430637
2020-08-04T00:00:00,12760,13100,12180,12610,150332.462972
2020-08-05T00:00:00,12610,12820,12300,12650,114401.676586
2020-08-06T00:00:00,12600,13230,12310,12730,259398.992798
2020-08-07T00:00:00,12730,13220,12290,12560,155603.05537
2020-08-08T00:00:00,12580,12800,12410,12590,81990.785728
2020-08-09T00:00:00,12570,12880,12290,12520,95760.110137
2020-08-10T00:00:00,12510,13160,12470,12800,249491.012216
2020-08-11T00:00:00,12770,13100,12220,12540,161932.612008
2020-08-12T00:00:00,12480,12910,12070,12670,131230.470022
2020-08-13T00:00:00,12660,12990,12320,12980,124519.716364
2020-08-14T00:00:00,12870,13000,12390,12940,144696.61154
2020-08-15T00:00:00,12940,13410,12780,13230,209774.02671
2020-08-16T00:00:00,13240,14100,13020,13640,227256.855767
2020-08-17T00:00:00,13660,14150,13380,13730,219838.319122
2020-08-18T00:00:00,13700,14190,12790,13050,216557.982423
2020-08-19T00:00:00,13080,13600,12250,12620,224006.00979
2020-08-20T00:00:00,12640,13100,12200,12900,123574.089853
2020-08-21T00:00:00,12900,14040,12690,12800,357018.741386
2020-08-22T00:00:00,12790,13120,12100,12960,136790.184242
2020-08-23T00:00:00,12980,13380,12300,12910,129683.645853
2020-08-24T00:00:00,12910,13100,12600,13030,128474.92444
2020-08-25T00:00:00,13020,13020,12090,12330,122448.30705
2020-08-26T00:00:00,12330,12340,11680,12070,99334.562857
2020-08-27T00:00:00,12070,12130,11390,11400,75972.804206
2020-08-28T00:00:00,11400,11750,11290,11670,39962.525566
2020-08-29T00:00:00,11670,11800,11450,11670,52833.383664
2020-08-30T00:00:00,11660,12040,11620,11930,89112.900178
2020-08-31T00:00:00,11860,12080,11670,11930,80299.565833
2020-09-01T00:00:00,11850,12320,11760,12180,121294.297055
2020-09-02T00:00:00,12180,12230,11130,11480,141655.468541
2020-09-03T00:00:00,11470,11540,10070,10100,135130.453368
2020-09-04T00:00:00,10080,10750,9820,10360,111787.113388
2020-09-05T00:00:00,10360,10500,9685,9930,82820.507078
2020-09-06T00:00:00,9880,10190,9600,9945,48907.56678
2020-09-07T00:00:00,9985,10300,9480,10150,93355.186304
2020-09-08T00:00:00,10210,10250,9680,9885,37392.369737
2020-09-09T00:00:00,9885,10150,9760,10040,20877.070438
2020-09-10T00:00:00,10030,10310,9995,10160,38793.598689
2020-09-11T00:00:00,10190,10280,9960,10220,23435.317509
2020-09-12T00:00:00,10220,10330,10060,10270,21635.128007
2020-09-13T00:00:00,10250,10370,9840,10050,30198.703929
2020-09-14T00:00:00,10010,10200,9910,10080,15849.029947
2020-09-15T00:00:00,10080,10370,9920,9920,70770.625112
2020-09-16T00:00:00,9960,9960,9620,9840,26713.98279
2020-09-17T00:00:00,9830,9960,9555,9770,23765.790296
2020-09-18T00:00:00,9785,9840,9565,9655,20602.961809
2020-09-19T00:00:00,9660,9780,9585,9615,9001.942063
2020-09-20T00:00:00,9725,9725,9375,9530,32761.950106
2020-09-21T00:00:00,9525,9650,8795,9225,47307.534685
2020-09-22T00:00:00,9255,9445,8900,9265,20217.673887
2020-09-23T00:00:00,9330,9345,8635,8645,28028.699746
2020-09-24T00:00:00,8650,9170,8645,9030,17765.066048
2020-09-25T00:00:00,9015,9310,8805,9190,17298.743579
2020-09-26T00:00:00,9190,9345,9115,9325,11396.775226
2020-09-27T00:00:00,9325,9545,9090,9315,35890.154157
2020-09-28T00:00:00,9295,9545,9200,9225,28185.670657
2020-09-29T00:00:00,9225,9560,9140,9340,13878.158869
2020-09-30T00:00:00,9330,9365,9190,9335,8697.277917
2020-10-01T00:00:00,9315,9435,9175,9200,12897.886403
2020-10-02T00:00:00,9185,9215,8840,8990,12662.243043
2020-10-03T00:00:00,8990,9105,8940,9060,7496.678067
2020-10-04T00:00:00,9060,9205,8955,9125,17438.500755
2020-10-05T00:00:00,9125,9345,8955,9190,18743.76244
2020-10-06T00:00:00,9135,9335,8920,8970,37134.404757
2020-10-07T00:00:00,8970,9030,8830,9000,13692.520794
2020-10-08T00:00:00,8980,9300,8840,9190,29734.574868
2020-10-09T00:00:00,9225,10000,9005,9315,81158.048348
2020-10-10T00:00:00,9305,10300,9225,9405,84597.58062
2020-10-11T00:00:00,9405,9575,9305,9400,15219.890018
2020-10-12T00:00:00,9415,9530,9175,9430,33603.959408
2020-10-13T00:00:00,9390,9520,9200,9325,29551.930211
2020-10-14T00:00:00,9345,9395,8860,9045,27116.659695
2020-10-15T00:00:00,9045,9200,8850,9035,27479.994191
2020-10-16T00:00:00,9030,9030,8680,8840,26423.039424
2020-10-17T00:00:00,8840,8895,8775,8840,10760.013935
2020-10-18T00:00:00,8815,8865,8790,8860,6140.669449
2020-10-19T00:00:00,8860,9285,8765,8865,36419.601383
2020-10-20T00:00:00,8825,8940,8455,8630,22702.560279
2020-10-21T00:00:00,8620,9100,8535,8885,43113.001846
2020-10-22T00:00:00,8885,9195,8860,9055,45414.890168
2020-10-23T00:00:00,9010,9145,8840,8895,41734.392385
2020-10-24T00:00:00,8920,8985,8830,8920,20739.161528
2020-10-25T00:00:00,8920,9150,8790,8975,39608.833487
2020-10-26T00:00:00,8930,9000,8520,8680,42656.233336
2020-10-27T00:00:00,8645,8900,8545,8840,34110.131415
2020-10-28T00:00:00,8755,8845,8300,8355,69799.464519
2020-10-29T00:00:00,8355,8435,8110,8335,24699.717199
2020-10-30T00:00:00,8225,8340,7935,8040,21791.110825
2020-10-31T00:00:00,8055,8240,7945,8010,19841.272579
2020-11-01T00:00:00,8010,8385,8000,8155,49712.731514
2020-11-02T00:00:00,8155,8225,7875,7945,37521.748487
2020-11-03T00:00:00,7885,8010,7695,7905,28605.450768
2020-11-04T00:00:00,7915,8340,7780,7985,50921.75823
2020-11-05T00:00:00,7980,8260,7895,8215,37282.370561
2020-11-06T00:00:00,8215,8620,8100,8525,54162.900458
2020-11-07T00:00:00,8530,8755,8070,8205,57931.918608
2020-11-08T00:00:00,8205,8500,8160,8350,18345.403784
2020-11-09T00:00:00,8380,8450,8085,8180,25641.321068
2020-11-10T00:00:00,8180,8345,8115,8210,29297.048232
2020-11-11T00:00:00,8210,8315,8130,8265,28278.54632
2020-11-12T00:00:00,8265,8710,8185,8260,71192.751958
2020-11-13T00:00:00,8270,8485,8225,8390,34627.484243
2020-11-14T00:00:00,8390,8725,8200,8540,44556.1799
2020-11-15T00:00:00,8540,8750,8180,8270,68455.48154
2020-11-16T00:00:00,8280,8670,8140,8645,53266.718177
2020-11-17T00:00:00,8650,8855,8430,8840,88509.957823
2020-11-18T00:00:00,8835,11690,8760,10350,1861289.383306
2020-11-19T00:00:00,10350,10980,9465,9960,581369.26836
2020-11-20T00:00:00,9950,11510,9825,10690,919089.953794
2020-11-21T00:00:00,10700,11230,10400,11130,657244.171167
2020-11-22T00:00:00,11090,11130,9930,10380,460733.49021
2020-11-23T00:00:00,10380,10880,10050,10820,319293.208708
2020-11-24T00:00:00,10820,11980,10610,11540,931462.07258
2020-11-25T00:00:00,11360,11700,10750,11010,344727.594376
2020-11-26T00:00:00,11010,11380,9225,9530,222780.070913
2020-11-27T00:00:00,9535,10200,9300,9715,155560.432547
2020-11-28T00:00:00,9715,10130,9570,9980,112999.102555
2020-11-29T00:00:00,9960,10290,9680,10170,72650.101944
2020-11-30T00:00:00,10110,10880,9785,10650,224494.451815
2020-12-01T00:00:00,10650,10850,9890,10120,283015.364459
2020-12-02T00:00:00,10130,10640,9810,10200,151666.990145
2020-12-03T00:00:00,10180,11600,10050,10400,396231.554214
2020-12-04T00:00:00,10400,11100,9930,10100,485067.748041
2020-12-05T00:00:00,10100,10380,10000,10250,142799.356809
2020-12-06T00:00:00,10220,10420,9935,10130,78758.73153
2020-12-07T00:00:00,10130,10270,9935,10030,98484.258344
2020-12-08T00:00:00,10040,10270,9245,9440,125215.826524
2020-12-09T00:00:00,9440,9500,8840,9475,122729.891633
2020-12-10T00:00:00,9470,9495,9020,9165,34296.199647
2020-12-11T00:00:00,9165,9180,8795,8900,50759.192006
2020-12-12T00:00:00,8905,9580,8905,9375,86598.350365
2020-12-13T00:00:00,9360,10070,9255,9625,420304.833377
2020-12-14T00:00:00,9625,9785,9355,9590,69739.099137
2020-12-15T00:00:00,9540,9780,9400,9570,58573.622857
2020-12-16T00:00:00,9555,10160,9370,10120,135573.523502
2020-12-17T00:00:00,10100,11140,9855,10350,584366.483147
2020-12-18T00:00:00,10340,11410,9950,10590,425494.679109
2020-12-19T00:00:00,10590,11230,10320,10690,345058.866674
2020-12-20T00:00:00,10660,11480,10340,10900,398968.037181
2020-12-21T00:00:00,10860,11380,9890,10110,347013.903728
2020-12-22T00:00:00,10130,10430,9655,10270,155500.998016
2020-12-23T00:00:00,10270,10320,8250,8960,241909.667952
2020-12-24T00:00:00,8960,9495,8590,9440,113309.098191
2020-12-25T00:00:00,9440,9800,9000,9395,116834.086514
2020-12-26T00:00:00,9330,9765,9120,9610,178738.625117
2020-12-27T00:00:00,9575,10390,9305,9680,616482.321159
2020-12-28T00:00:00,9775,10260,9590,9735,205346.177865
2020-12-29T00:00:00,9735,9815,8925,9435,153616.405773
2020-12-30T00:00:00,9430,9685,9105,9385,143694.325585
2020-12-31T00:00:00,9340,9575,9100,9245,81653.999495
2021-01-01T00:00:00,9230,9610,9140,9285,133226.281008
2021-01-02T00:00:00,9285,9685,9150,9440,239226.935154
2021-01-03T00:00:00,9440,10400,9310,10280,492187.135857
2021-01-04T00:00:00,10270,11310,9290,10050,597801.838509
2021-01-05T00:00:00,10050,10950,9765,10440,418742.957352
2021-01-06T00:00:00,10450,11200,10000,10950,528724.839366
2021-01-07T00:00:00,10900,13300,10580,11950,1962432.836664
2021-01-08T00:00:00,11940,15030,11840,13150,4137185.681394
2021-01-09T00:00:00,13190,17700,11930,15230,3478891.677882
2021-01-10T00:00:00,15280,20980,14630,16390,10005414.030775
2021-01-11T00:00:00,16370,16700,12200,14100,2704990.784734
2021-01-12T00:00:00,14030,16360,13000,14460,2281753.54907
2021-01-13T00:00:00,14460,15550,14040,15330,1432354.065042
2021-01-14T00:00:00,15330,15580,14290,15020,1133546.483394
2021-01-15T00:00:00,15020,15490,13610,14350,614437.67232
2021-01-16T00:00:00,14360,14950,14070,14280,602484.069644
2021-01-17T00:00:00,14280,14300,13200,13700,384701.991492
2021-01-18T00:00:00,13710,14300,13440,13910,376497.884681
2021-01-19T00:00:00,13910,14560,13720,13850,567057.110576
2021-01-20T00:00:00,13850,14080,12900,13660,362475.282848
2021-01-21T00:00:00,13660,13680,11370,11380,397306.101941
2021-01-22T00:00:00,11390,12160,9875,11770,565432.617485
2021-01-23T00:00:00,11760,12400,11230,11880,348989.17813
2021-01-24T00:00:00,11880,12510,11690,12210,472873.829796
2021-01-25T00:00:00,12280,12600,12000,12100,406628.435189
2021-01-26T00:00:00,12110,12180,11530,11780,145644.52826
2021-01-27T00:00:00,11840,11870,10550,10950,160022.059028
2021-01-28T00:00:00,10880,12010,10650,11460,266008.468194
2021-01-29T00:00:00,11510,13080,11200,11940,896316.662469
2021-01-30T00:00:00,11950,12340,11400,11710,303101.789314
2021-01-31T00:00:00,11700,11790,11420,11480,168040.418961
2021-02-01T00:00:00,11440,12250,11080,11530,436545.540806
2021-02-02T00:00:00,11510,12090,11410,11840,175937.182896
2021-02-03T00:00:00,11840,12280,11830,12140,234240.990674
2021-02-04T00:00:00,12120,12560,11200,11890,238321.258271
2021-02-05T00:00:00,11890,12920,11780,12750,277973.024882
2021-02-06T00:00:00,12740,14870,12570,13490,1419906.049762
2021-02-07T00:00:00,13480,13980,12650,13200,472707.048865
2021-02-08T00:00:00,13200,14790,12910,14470,796075.906375
2021-02-09T00:00:00,14470,15980,13900,15150,1206635.747458
2021-02-10T00:00:00,15120,16590,14510,15930,854796.868683
2021-02-11T00:00:00,15930,17480,15660,17100,786923.091392
2021-02-12T00:00:00,17110,17620,16310,17460,565842.437256
2021-02-13T00:00:00,17510,19790,16300,19280,1035908.317684
2021-02-14T00:00:00,19250,29600,18710,28530,4953234.86334
2021-02-15T00:00:00,28620,36000,26720,31990,4916819.37176
2021-02-16T00:00:00,31800,34940,29000,31840,2141446.313499
2021-02-17T00:00:00,31840,33420,29000,29970,1594530.086138
2021-02-18T00:00:00,29970,31740,28550,30100,970121.111762
2021-02-19T00:00:00,30100,32000,28210,30970,1082860.277407
2021-02-20T00:00:00,30980,32240,29100,29500,984907.083507
2021-02-21T00:00:00,29500,45900,28770,36700,4808185.594715
2021-02-22T00:00:00,36690,45000,33800,38820,4140897.059385
2021-02-23T00:00:00,38820,38830,23300,30270,2770635.472355
2021-02-24T00:00:00,30270,36000,28930,31360,2122705.039652
2021-02-25T00:00:00,31260,32850,29600,29990,1048632.971761
2021-02-26T00:00:00,30060,33300,27230,30000,1345309.066814
2021-02-27T00:00:00,30070,31470,29560,30110,684031.530859
2021-02-28T00:00:00,30010,30140,25320,27490,647345.404119
2021-03-01T00:00:00,27480,30380,27310,30000,723604.841429
2021-03-02T00:00:00,30000,31900,29000,30620,763410.687919
2021-03-03T00:00:00,30620,35340,30270,32170,1150138.223083
2021-03-04T00:00:00,32140,33700,31070,31840,601000.984635
2021-03-05T00:00:00,31850,32500,30330,31900,344418.596422
2021-03-06T00:00:00,31900,32210,30430,31880,264220.805968
2021-03-07T00:00:00,31890,33990,31870,33100,559038.452055
2021-03-08T00:00:00,33100,33870,32000,33800,341874.349192
2021-03-09T00:00:00,33760,35650,33090,35480,500081.080886
2021-03-10T00:00:00,35510,39900,33540,37970,696948.552367
2021-03-11T00:00:00,38000,39760,36530,38620,406075.612351
2021-03-12T00:00:00,38700,38940,36910,37290,256338.333212
2021-03-13T00:00:00,37310,45000,35460,41250,1293666.608215
2021-03-14T00:00:00,41250,41710,37910,37990,430728.294188
2021-03-15T00:00:00,37990,38490,33550,34900,483499.759565
2021-03-16T00:00:00,34900,38000,33000,35650,439634.046207
2021-03-17T00:00:00,35790,36960,33350,36310,277162.71298
2021-03-18T00:00:00,36360,37300,35310,35370,244285.486527
2021-03-19T00:00:00,35390,36930,34530,35520,257688.923933
2021-03-20T00:00:00,35520,39800,34780,35350,531403.326182
2021-03-21T00:00:00,35350,36100,33600,34610,290677.036764
2021-03-22T00:00:00,34600,45500,34000,36000,4517441.060487
2021-03-23T00:00:00,36000,50500,35390,40730,6320090.464424
2021-03-24T00:00:00,40800,43700,38470,38790,966140.459542
2021-03-25T00:00:00,38790,41680,36120,37730,812785.484994
2021-03-26T00:00:00,37730,39120,37010,39060,264363.073921
2021-03-27T00:00:00,39060,42990,38690,40290,828310.664271
2021-03-28T00:00:00,40290,40870,39010,39590,287893.332084
2021-03-29T00:00:00,39590,41850,38890,41800,533782.304278
2021-03-30T00:00:00,41800,44990,40910,44260,606598.444044
2021-03-31T00:00:00,44260,49880,41740,47990,1288247.701345
2021-04-01T00:00:00,48090,49960,45500,48120,575809.427918
2021-04-02T00:00:00,48120,50000,46050,48440,729247.745235
2021-04-03T00:00:00,48420,55990,44680,48750,1265736.293829
2021-04-04T00:00:00,48750,52480,47000,51990,408753.200967
2021-04-05T00:00:00,51990,68980,51030,63870,1102532.483566
2021-04-06T00:00:00,63990,117600,61230,99990,11215466.994536
2021-04-07T00:00:00,99970,200000,94590,146000,16737376.843715
2021-04-08T00:00:00,145900,171150,116000,150050,8837171.01813
2021-04-09T00:00:00,150100,170000,140000,148850,3829047.609408
2021-04-10T00:00:00,148600,180000,136850,152900,6081173.023993
2021-04-11T00:00:00,152850,172500,146500,153050,3394576.92331
2021-04-12T00:00:00,153750,156550,138350,141200,1263945.968408
2021-04-13T00:00:00,141200,160150,130000,143450,3816234.415418
2021-04-14T00:00:00,143500,152350,133850,141450,2363871.073452
2021-04-15T00:00:00,141450,143500,135000,141950,830075.500193
2021-04-16T00:00:00,141950,155600,130000,148600,3730540.466079
2021-04-17T00:00:00,148500,154900,137900,139100,1071814.993961
2021-04-18T00:00:00,139100,145500,109050,131100,1592006.936111
2021-04-19T00:00:00,131000,133850,110000,112850,928159.810799
2021-04-20T00:00:00,112850,132800,91190,119300,4063914.459471
2021-04-21T00:00:00,119350,124500,109250,111650,1216216.911007
2021-04-22T00:00:00,111650,114300,80000,85050,2165009.590282
2021-04-23T00:00:00,85060,124750,82600,101500,16022768.395034
2021-04-24T00:00:00,101550,113000,95240,100800,3128921.657426
2021-04-25T00:00:00,100800,105200,92000,99850,2110538.90601
2021-04-26T00:00:00,99850,107650,96320,107600,2007802.465728
2021-04-27T00:00:00,107550,115450,101300,109250,2120730.252948
2021-04-28T00:00:00,109250,122000,99960,107950,3201570.587852
2021-04-29T00:00:00,108000,109850,102100,105200,721217.170542
2021-04-30T00:00:00,105300,113000,103100,110350,1517998.27662
2021-05-01T00:00:00,110400,117900,109150,116700,1805996.14018
2021-05-02T00:00:00,116600,119250,109350,113700,957507.432397
2021-05-03T00:00:00,113700,118450,113100,117800,1257342.845359
2021-05-04T00:00:00,117800,141300,117750,136000,5188805.350107
2021-05-05T00:00:00,135750,169000,130200,163300,4532726.937188
2021-05-06T00:00:00,163300,218000,162050,174100,8038118.964591
2021-05-07T00:00:00,174150,174750,143000,158100,3602267.844652
2021-05-08T00:00:00,157900,174350,149200,161300,2338443.443108
2021-05-09T00:00:00,161400,161450,145300,154250,968690.79253
2021-05-10T00:00:00,154200,161500,140000,141250,1329074.060542
2021-05-11T00:00:00,141300,153300,129600,147950,1322302.604608
2021-05-12T00:00:00,147950,150000,110350,114250,1044739.032922
2021-05-13T00:00:00,114000,131850,108200,119600,1594069.285032
2021-05-14T00:00:00,119700,131250,115800,126600,1191443.775221
2021-05-15T00:00:00,126600,134600,115900,120150,975323.928096
2021-05-16T00:00:00,120150,124150,110100,118250,621513.353404
2021-05-17T00:00:00,118250,121400,96560,108000,1220130.967379
2021-05-18T00:00:00,108000,112950,104600,109300,561618.426743
2021-05-19T00:00:00,109300,109950,54830,80500,1486569.484174
2021-05-20T00:00:00,80520,91300,69640,86850,910547.95177
2021-05-21T00:00:00,86850,93000,71860,80480,725763.068582
2021-05-22T00:00:00,80490,80780,63080,70010,498304.515487
2021-05-23T00:00:00,70000,86640,52810,61140,1704805.139123
2021-05-24T00:00:00,60980,77250,54100,75300,1030502.939752
2021-05-25T00:00:00,75310,84350,69800,77200,962422.102667
2021-05-26T00:00:00,77200,81000,74000,80710,434904.916477
2021-05-27T00:00:00,80710,85380,75000,80860,637870.731796
2021-05-28T00:00:00,80960,82110,68270,72000,519959.515559
2021-05-29T00:00:00,71800,78110,65000,69210,557014.835128
2021-05-30T00:00:00,69210,72100,61940,69430,420389.945831
2021-05-31T00:00:00,69430,70980,65370,70580,304595.244795
2021-06-01T00:00:00,70580,71330,67260,68320,199211.180463
2021-06-02T00:00:00,68190,69800,67000,69040,176559.137191
2021-06-03T00:00:00,69080,72380,67800,71990,258380.696042
2021-06-04T00:00:00,71710,71990,65100,66970,196692.312274
2021-06-05T00:00:00,67020,68020,64590,65310,126718.985252
2021-06-06T00:00:00,65300,74000,64920,66200,486010.033203
2021-06-07T00:00:00,66130,67100,58570,59310,211843.110605
2021-06-08T00:00:00,59310,66570,54800,60990,1818552.157575
2021-06-09T00:00:00,60970,83950,56000,81860,11977500.598627
2021-06-10T00:00:00,82290,94700,77800,84040,10488345.773328
2021-06-11T00:00:00,84030,84090,70130,71150,2288265.889919
2021-06-12T00:00:00,71220,71250,60330,65200,854212.646116
2021-06-13T00:00:00,65200,69810,62280,68090,523785.596287
2021-06-14T00:00:00,67920,70890,65000,68830,745627.572035
2021-06-15T00:00:00,68830,69710,66850,67600,309944.76145
2021-06-16T00:00:00,67600,67600,63210,64500,328365.95075
2021-06-17T00:00:00,64490,73190,64450,68160,1908872.544182
2021-06-18T00:00:00,68160,68190,63220,64420,402557.872887
2021-06-19T00:00:00,64320,64550,61400,62240,197990.619429
2021-06-20T00:00:00,62250,62640,55270,60710,418644.434171
2021-06-21T00:00:00,60710,60930,41950,44400,779191.990114
2021-06-22T00:00:00,44380,48000,34100,39900,1740441.171525
2021-06-23T00:00:00,40000,44840,37010,42820,979124.386857
2021-06-24T00:00:00,42840,52250,41140,47930,2350681.922402
2021-06-25T00:00:00,47930,51990,43910,45220,1020643.178179
2021-06-26T00:00:00,45110,45700,41900,45200,345274.430819
2021-06-27T00:00:00,45220,48250,43500,47670,631970.369012
2021-06-28T00:00:00,47700,50480,46120,49130,910202.928434
2021-06-29T00:00:00,49130,61760,48500,55680,2797283.36637
2021-06-30T00:00:00,55680,64850,55680,58720,1789457.234355
2021-07-01T00:00:00,58580,60820,53590,55700,740380.227866
2021-07-02T00:00:00,55630,58280,51550,54680,451937.172987
2021-07-03T00:00:00,54580,57370,52540,55660,403149.189167
2021-07-04T00:00:00,55660,58000,54770,56330,462919.311583
2021-07-05T00:00:00,56320,56780,52290,53700,332239.3918
2021-07-06T00:00:00,53700,61350,53570,55940,874167.150556
2021-07-07T00:00:00,55780,57100,55250,55330,410690.007851
2021-07-08T00:00:00,55340,59000,51400,53790,1107729.650583
2021-07-09T00:00:00,53780,55350,49740,53440,533916.94637
2021-07-10T00:00:00,53430,54080,51250,51910,192806.674539
2021-07-11T00:00:00,51900,53000,50040,52310,201036.481429
2021-07-12T00:00:00,52310,52640,50890,51080,215058.405078
2021-07-13T00:00:00,51090,51740,49170,49520,206097.508766
2021-07-14T00:00:00,49530,53440,47050,50120,1202940.202373
2021-07-15T00:00:00,50120,50320,47090,47220,266529.24602
2021-07-16T00:00:00,47370,48500,43950,44120,252602.890028
2021-07-17T00:00:00,44260,45510,43000,44460,164813.0265
2021-07-18T00:00:00,44460,48350,44200,45300,559253.457763
2021-07-19T00:00:00,45300,47820,43990,44500,514165.882704
2021-07-20T00:00:00,44500,46300,40000,41390,343710.32517
2021-07-21T00:00:00,41390,44790,40100,44560,321378.363439
2021-07-22T00:00:00,44560,46310,43470,44900,247606.456062
2021-07-23T00:00:00,44900,47650,44270,47440,325422.880563
2021-07-24T00:00:00,47440,51490,46300,50060,485174.337009
2021-07-25T00:00:00,50080,52000,47680,50350,420698.092029
2021-07-26T00:00:00,50370,59900,49260,50800,1703724.936125
2021-07-27T00:00:00,50800,58790,50000,54340,1656645.426375
2021-07-28T00:00:00,54320,56000,53000,54230,694927.490023
2021-07-29T00:00:00,54220,54630,52820,53950,350817.230338
2021-07-30T00:00:00,53920,62800,53290,60290,4185981.522707
2021-07-31T00:00:00,60300,63390,58160,60030,1400937.914116
2021-08-01T00:00:00,60030,64400,57310,58270,904380.250686
2021-08-02T00:00:00,58380,71390,55520,64100,5195274.205254
2021-08-03T00:00:00,64100,69810,61190,62420,1439295.060254
2021-08-04T00:00:00,62420,64280,59410,62520,551707.553148
2021-08-05T00:00:00,62430,64200,60130,63160,748941.813289
2021-08-06T00:00:00,63170,65820,61900,64740,1048771.270082
2021-08-07T00:00:00,64670,68440,63640,67660,938469.734869
2021-08-08T00:00:00,67660,69870,64780,64980,728329.865382
2021-08-09T00:00:00,64980,70000,63000,68190,1163856.882144
2021-08-10T00:00:00,68200,69800,67000,67890,608241.685983
2021-08-11T00:00:00,67890,70780,67510,69560,702347.310424
2021-08-12T00:00:00,69610,73180,66600,68490,722812.125045
2021-08-13T00:00:00,68490,72400,67090,72310,579288.792483
2021-08-14T00:00:00,72310,74930,70000,74780,703491.669475
2021-08-15T00:00:00,74770,85580,73710,81910,2820456.180848
2021-08-16T00:00:00,81890,82450,78200,78280,515034.090165
2021-08-17T00:00:00,78280,82650,72370,73060,822045.539058
2021-08-18T00:00:00,73140,74690,68470,71880,406250.439481
2021-08-19T00:00:00,71880,75000,70020,75000,389819.414027
2021-08-20T00:00:00,74990,88800,74240,87240,1780246.717355
2021-08-21T00:00:00,87240,95000,81560,86590,3572645.829029
2021-08-22T00:00:00,86600,89130,81940,83750,588187.289243
2021-08-23T00:00:00,83750,88460,82450,84020,837303.681639
2021-08-24T00:00:00,84030,84380,77850,78940,437414.095032
2021-08-25T00:00:00,78940,87270,75300,80380,1553584.188203
2021-08-26T00:00:00,80300,84110,74990,75660,501760.634073
2021-08-27T00:00:00,75660,82070,72400,81290,700373.673874
2021-08-28T00:00:00,81210,94760,80800,90620,4410450.753168
2021-08-29T00:00:00,90640,114600,90350,90700,8620208.81967
2021-08-30T00:00:00,90760,102450,89530,92640,2759553.041581
2021-08-31T00:00:00,92460,93950,88750,89090,1524995.236532
2021-09-01T00:00:00,89090,90250,87260,90060,583194.180241
2021-09-02T00:00:00,90050,94240,88350,93500,1220106.040526
2021-09-03T00:00:00,93860,100550,90400,98280,3075205.898853
2021-09-04T00:00:00,98180,103000,93990,96200,2207390.295854
2021-09-05T00:00:00,96320,97730,91570,96590,907210.686745
2021-09-06T00:00:00,96590,97710,93590,96300,724439.236934
2021-09-07T00:00:00,96300,96430,75300,82880,901159.011996
2021-09-08T00:00:00,82880,89200,72910,83080,860724.03316
2021-09-09T00:00:00,83130,83910,79350,83160,314873.771851
2021-09-10T00:00:00,83150,85450,78440,79340,387387.031297
2021-09-11T00:00:00,79590,80500,77070,79380,150011.093195
2021-09-12T00:00:00,79380,83140,77500,79700,287872.961378
2021-09-13T00:00:00,79700,85510,75010,77450,655953.149121
2021-09-14T00:00:00,77600,80140,76100,79770,326466.358591
2021-09-15T00:00:00,79770,82650,78280,81380,442738.09954
2021-09-16T00:00:00,81380,85000,80570,81310,476788.027876
2021-09-17T00:00:00,81330,81990,78700,79890,189883.533369
2021-09-18T00:00:00,79890,82500,79540,80680,232290.527489
2021-09-19T00:00:00,80680,81400,78600,78930,107082.57074
2021-09-20T00:00:00,79000,79000,65970,69380,407981.538657
2021-09-21T00:00:00,68640,72030,62030,62940,429902.349966
2021-09-22T00:00:00,62960,69900,59270,69340,409241.487827
2021-09-23T00:00:00,69360,70800,64760,69450,232525.468823
2021-09-24T00:00:00,69450,69490,61660,63860,238198.539759
2021-09-25T00:00:00,63860,68200,61780,64890,442174.390393
2021-09-26T00:00:00,64900,66500,60630,63340,267939.265025
2021-09-27T00:00:00,63330,65000,61550,61600,191259.226771
2021-09-28T00:00:00,61600,64450,59510,59530,627240.182749
2021-09-29T00:00:00,59640,63150,59520,60320,340707.850958
2021-09-30T00:00:00,60320,63400,60250,63370,242500.212364
2021-10-01T00:00:00,63370,69800,62380,69110,437439.794226
2021-10-02T00:00:00,69100,73690,68180,71700,483941.896009
2021-10-03T00:00:00,71650,72440,68410,71790,263060.27843
2021-10-04T00:00:00,71790,73450,68210,73440,390457.420692
2021-10-05T00:00:00,73440,74810,70890,74750,359336.950898
2021-10-06T00:00:00,74750,92530,69990,89680,4638606.459929
2021-10-07T00:00:00,89620,94070,82860,83080,1925717.807698
2021-10-08T00:00:00,83030,86200,78780,80400,1293540.9674
2021-10-09T00:00:00,80400,86700,79300,83360,1051570.912299
2021-10-10T00:00:00,83160,86500,80560,81080,736428.50379
2021-10-11T00:00:00,80970,92500,80620,86390,3544151.413402
2021-10-12T00:00:00,86430,91980,83070,85570,2048123.586749
2021-10-13T00:00:00,85570,86420,81700,84100,773269.372329
2021-10-14T00:00:00,84100,85250,83000,83470,478549.558689
2021-10-15T00:00:00,83470,92400,81660,87580,4349627.720703
2021-10-16T00:00:00,87570,88200,84240,84770,672580.928109
2021-10-17T00:00:00,84780,86250,82170,84300,366073.751781
2021-10-18T00:00:00,84450,88800,83030,84590,931707.882828
2021-10-19T00:00:00,84580,85950,82880,85200,448650.034704
2021-10-20T00:00:00,85140,87450,83200,86590,770243.53732
2021-10-21T00:00:00,86590,88760,84000,84070,770995.712441
2021-10-22T00:00:00,84100,86990,83300,83870,444359.309775
2021-10-23T00:00:00,83860,84380,83010,83780,197821.278049
2021-10-24T00:00:00,83750,83860,81760,82410,218197.153825
2021-10-25T00:00:00,82420,83800,81890,83130,202251.428211
2021-10-26T00:00:00,83030,83120,81520,81550,146967.263931
2021-10-27T00:00:00,81550,82180,71010,73400,402107.916617
2021-10-28T00:00:00,73340,78870,71620,77310,305908.30434
2021-10-29T00:00:00,77240,79550,76210,78360,191759.845754
2021-10-30T00:00:00,78360,78420,75000,75410,181437.823754
2021-10-31T00:00:00,75410,80450,74250,77390,399625.516475
2021-11-01T00:00:00,77390,78090,75070,76580,237966.961528
2021-11-02T00:00:00,76580,78940,75310,77470,354082.405573
2021-11-03T00:00:00,77450,78450,75140,78300,350936.142193
2021-11-04T00:00:00,78300,78430,77000,77680,171872.947087
2021-11-05T00:00:00,77680,80340,77000,77890,247990.124877
2021-11-06T00:00:00,77900,78050,76500,77100,98028.470994
2021-11-07T00:00:00,77140,78300,76820,78150,105240.675622
2021-11-08T00:00:00,78150,85000,77860,83400,2247331.655416
2021-11-09T00:00:00,83400,86690,81330,85640,1080851.098095
2021-11-10T00:00:00,85640,92160,80800,82730,2017303.55981
2021-11-11T00:00:00,82720,83200,79720,81320,359498.08745
2021-11-12T00:00:00,81320,81320,77860,79580,321849.424954
2021-11-13T00:00:00,79520,81000,78000,79820,188346.308459
2021-11-14T00:00:00,79930,82760,79270,81220,316916.160713
2021-11-15T00:00:00,81230,82060,78830,79360,255456.748464
2021-11-16T00:00:00,79370,79370,73790,74600,351347.07918
2021-11-17T00:00:00,74470,76170,72790,75560,237373.00364
2021-11-18T00:00:00,75560,76700,69510,70470,257443.821053
2021-11-19T00:00:00,70500,73950,69100,72870,148494.033745
2021-11-20T00:00:00,72870,74650,71560,73780,131039.092462
2021-11-21T00:00:00,73770,74610,72260,73790,92716.749068
2021-11-22T00:00:00,73830,73980,71120,71200,99354.057176
2021-11-23T00:00:00,71190,72090,69550,71200,128712.052486
2021-11-24T00:00:00,71210,71660,69550,71650,156109.173137
2021-11-25T00:00:00,71640,77800,70080,72650,749198.394605
2021-11-26T00:00:00,72650,72980,67630,68580,269851.925278
2021-11-27T00:00:00,68580,70100,67730,69100,95409.293717
2021-11-28T00:00:00,69130,70000,66730,69550,117858.647225
2021-11-29T00:00:00,69550,72300,68810,70000,178985.07788
2021-11-30T00:00:00,69850,71420,67780,69010,152785.06613
2021-12-01T00:00:00,69070,70000,68300,68790,106181.013284
2021-12-02T00:00:00,68790,68790,67030,67640,83433.126987
2021-12-03T00:00:00,67790,68250,64800,65380,94964.013965
2021-12-04T00:00:00,65190,65430,40000,56330,359232.475043
2021-12-05T00:00:00,56330,59300,50130,52670,168342.679015
2021-12-06T00:00:00,52680,62300,48980,57490,1019447.319545
2021-12-07T00:00:00,57660,60500,54280,57830,375049.985951
2021-12-08T00:00:00,57830,59000,54740,56850,161065.289975
2021-12-09T00:00:00,56850,57310,53180,53190,70717.611659
2021-12-10T00:00:00,53210,61740,51270,55510,1127339.329667
2021-12-11T00:00:00,55510,56660,53500,55990,270212.885753
2021-12-12T00:00:00,55990,56060,54000,54950,93421.411588
2021-12-13T00:00:00,54970,56510,50000,50290,129215.865543
2021-12-14T00:00:00,50300,55250,49220,51890,479648.084332
2021-12-15T00:00:00,51880,54000,49000,53050,184307.444521
2021-12-16T00:00:00,53060,54230,51510,51670,104662.353313
2021-12-17T00:00:00,51580,52480,49770,50780,72046.217283
2021-12-18T00:00:00,50710,51740,50220,50890,39667.045335
2021-12-19T00:00:00,50890,52300,50600,50720,65738.428763
2021-12-20T00:00:00,50720,54600,49200,51000,328131.897144
2021-12-21T00:00:00,51000,53660,49680,52500,223763.633826
2021-12-22T00:00:00,52500,53380,51530,52550,136388.378462
2021-12-23T00:00:00,52550,54490,51940,53990,118398.088123
2021-12-24T00:00:00,53990,58150,53900,55860,237804.257303
2021-12-25T00:00:00,55860,56580,54520,55060,109969.302129
2021-12-26T00:00:00,55080,55860,53510,54350,92114.872199
2021-12-27T00:00:00,54350,57800,53660,55080,431556.969126
2021-12-28T00:00:00,55170,55220,50120,51240,120024.599857
2021-12-29T00:00:00,51290,52000,49710,49920,108116.656198
2021-12-30T00:00:00,49920,50660,48770,49830,79717.846028
2021-12-31T00:00:00,49810,50600,49370,49600,59164.484738
2022-01-01T00:00:00,49580,50340,49530,50290,36881.736847
2022-01-02T00:00:00,50290,52430,50000,51230,106150.79345
2022-01-03T00:00:00,51220,53150,50110,50660,149139.597931
2022-01-04T00:00:00,50660,52640,49500,50060,158436.089174
2022-01-05T00:00:00,50030,53890,46680,48370,448458.288696
2022-01-06T00:00:00,48210,50000,46400,47680,116482.36024
2022-01-07T00:00:00,47550,49900,43100,45750,316072.355215
2022-01-08T00:00:00,45850,46960,43930,44680,95873.144703
2022-01-09T00:00:00,44750,45620,44000,44360,69299.469295
2022-01-10T00:00:00,44370,44890,40510,42200,107424.82643
2022-01-11T00:00:00,42210,46000,42000,43800,476702.796171
2022-01-12T00:00:00,43800,45820,43470,45500,140959.355472
2022-01-13T00:00:00,45510,46000,43890,43900,100176.911414
2022-01-14T00:00:00,43910,47910,43500,45310,464814.970483
2022-01-15T00:00:00,45340,47490,45320,47030,258579.563395
2022-01-16T00:00:00,46790,47040,45500,45810,72681.853514
2022-01-17T00:00:00,45810,46090,43740,44060,83035.364089
2022-01-18T00:00:00,44060,46280,42340,44700,385216.344162
2022-01-19T00:00:00,44720,45500,42600,43160,125730.940129
2022-01-20T00:00:00,43160,44130,41780,41840,94302.240806
2022-01-21T00:00:00,41850,43320,36500,37300,147256.187009
2022-01-22T00:00:00,37310,41000,33190,35720,648455.683896
2022-01-23T00:00:00,35830,36900,34600,36170,99514.919762
2022-01-24T00:00:00,36180,37420,32060,34590,357936.039887
2022-01-25T00:00:00,34600,36630,33190,34750,306425.868378
2022-01-26T00:00:00,34780,39180,34530,35110,468770.284456
2022-01-27T00:00:00,35250,36920,33810,35210,131790.20225
2022-01-28T00:00:00,35210,39050,34810,36750,1363226.195776
2022-01-29T00:00:00,36750,38500,36550,37500,306356.216845
2022-01-30T00:00:00,37500,37890,36500,36800,100598.042742
2022-01-31T00:00:00,36800,37660,35560,36510,107752.867291
2022-02-01T00:00:00,36510,37100,36350,37030,78892.997659
2022-02-02T00:00:00,37030,39600,35960,36030,535985.096516
2022-02-03T00:00:00,36040,37400,35630,36650,116987.292203
2022-02-04T00:00:00,36630,39660,36400,39660,329172.279175
2022-02-05T00:00:00,39670,41050,39260,40750,226123.487142
2022-02-06T00:00:00,40750,43320,39800,41660,375556.101811
2022-02-07T00:00:00,41780,45700,41250,43990,770757.773237
2022-02-08T00:00:00,43990,46240,40800,43020,514624.396434
2022-02-09T00:00:00,43280,44500,42220,43740,234841.793773
2022-02-10T00:00:00,43760,46200,42890,43780,649307.269644
2022-02-11T00:00:00,43790,44980,40000,41060,190855.285919
2022-02-12T00:00:00,41060,41850,39000,40530,136344.27089
2022-02-13T00:00:00,40520,41320,40000,40590,70852.239242
2022-02-14T00:00:00,40820,41490,38640,39470,117129.722273
2022-02-15T00:00:00,39330,41640,39130,41540,146985.780781
2022-02-16T00:00:00,41540,42930,40350,41340,148713.929619
2022-02-17T00:00:00,41250,41600,38020,38070,94996.311554
2022-02-18T00:00:00,38080,39490,37300,37590,108845.258105
2022-02-19T00:00:00,37600,37930,36030,37010,49604.221199
2022-02-20T00:00:00,37020,38070,35000,35820,122741.228141
2022-02-21T00:00:00,35950,36710,33200,33310,127804.630243
2022-02-22T00:00:00,33310,34670,32550,34360,133007.772851
2022-02-23T00:00:00,34370,35380,34100,34380,88052.881639
2022-02-24T00:00:00,34430,34480,30880,34150,142354.56523
2022-02-25T00:00:00,34150,36100,33200,35490,216452.755415
2022-02-26T00:00:00,35780,41250,35490,37600,1294957.149319
2022-02-27T00:00:00,37820,38250,35660,35900,163988.797165
2022-02-28T00:00:00,35900,38950,35340,38850,208098.934865
2022-03-01T00:00:00,38850,42490,38660,39570,682430.677322
2022-03-02T00:00:00,39570,40050,37760,38520,164311.680039
2022-03-03T00:00:00,38520,40350,37490,38240,204085.624577
2022-03-04T00:00:00,38170,39920,36780,36880,422424.540969
2022-03-05T00:00:00,36880,37680,36430,37330,87255.588871
2022-03-06T00:00:00,37260,37550,35540,35840,61344.966177
2022-03-07T00:00:00,35920,38600,34810,35690,334878.840566
2022-03-08T00:00:00,35710,36200,35000,35840,104357.051424
2022-03-09T00:00:00,35840,38780,35700,37940,298291.992054
2022-03-10T00:00:00,37990,41430,37780,38160,2054583.833786
2022-03-11T00:00:00,38200,39490,36370,37950,479456.10646
2022-03-12T00:00:00,37900,38120,37390,37610,196011.929533
2022-03-13T00:00:00,37650,38420,35710,35900,341998.947489
2022-03-14T00:00:00,35870,37660,35300,36240,384157.842653
2022-03-15T00:00:00,36230,36860,35270,35740,145081.598511
2022-03-16T00:00:00,35740,36560,35470,36550,144852.975392
2022-03-17T00:00:00,36550,36950,35800,36510,77419.852182
2022-03-18T00:00:00,36500,36930,35810,36720,78439.899754
2022-03-19T00:00:00,36700,39470,36680,39290,378925.387656
2022-03-20T00:00:00,39290,46660,38330,44160,1695213.250823
2022-03-21T00:00:00,44160,51400,44160,45610,3476243.295604
2022-03-22T00:00:00,45620,54270,45620,54000,4595810.387499
2022-03-23T00:00:00,54000,58600,50800,53430,2972098.247248
2022-03-24T00:00:00,53420,54650,50000,52950,1748007.312827
2022-03-25T00:00:00,52950,56660,52950,54050,1895285.343434
2022-03-26T00:00:00,54070,55130,51530,51790,514997.078734
2022-03-27T00:00:00,51800,52500,49580,52210,514288.388398
2022-03-28T00:00:00,52210,54300,51200,52660,717767.371125
2022-03-29T00:00:00,52550,56000,51180,52450,1084123.185872
2022-03-30T00:00:00,52430,55700,52240,53000,740086.805624
2022-03-31T00:00:00,53010,53460,50510,50950,521807.284711
2022-04-01T00:00:00,50950,51900,49170,51510,238843.347661
2022-04-02T00:00:00,51530,56120,51080,51490,917580.021003
2022-04-03T00:00:00,51500,51990,50060,51430,234874.397467
2022-04-04T00:00:00,51420,54220,50300,52850,860658.167559
2022-04-05T00:00:00,52800,52800,51200,51320,200227.881974
2022-04-06T00:00:00,51320,51800,43500,44350,335624.444521
2022-04-07T00:00:00,44390,48570,43530,47880,415120.153159
2022-04-08T00:00:00,47930,48400,45370,45910,135137.410898
2022-04-09T00:00:00,45980,46550,44900,46020,69584.36077
2022-04-10T00:00:00,46010,47500,45200,45370,136853.323183
2022-04-11T00:00:00,45490,45500,41300,41700,131555.083539
2022-04-12T00:00:00,41700,44450,41440,42950,270362.608926
2022-04-13T00:00:00,42950,45260,42430,45180,200952.977589
2022-04-14T00:00:00,45140,46300,42810,43270,146660.103527
2022-04-15T00:00:00,43270,45390,42810,44110,148297.745708
2022-04-16T00:00:00,44110,45850,43730,44560,144195.868597
2022-04-17T00:00:00,44560,44980,42920,43200,70949.762888
2022-04-18T00:00:00,43130,43640,40000,43470,96555.89513
2022-04-19T00:00:00,43410,44150,42630,43910,87393.050185
2022-04-20T00:00:00,43910,44880,43010,43310,107784.439987
2022-04-21T00:00:00,43300,44950,43000,43360,130294.87386
2022-04-22T00:00:00,43360,44600,42360,42830,92906.749751
2022-04-23T00:00:00,42800,43020,42010,42210,38488.490734
2022-04-24T00:00:00,42230,42480,41040,41220,42214.346462
2022-04-25T00:00:00,41220,43660,39090,41440,428350.485102
2022-04-26T00:00:00,41430,43070,39200,39400,148874.637926
2022-04-27T00:00:00,39400,40850,39360,40140,127879.922741
2022-04-28T00:00:00,40140,40460,39380,39970,64923.866308
2022-04-29T00:00:00,39970,40600,38280,38460,65898.487682
2022-04-30T00:00:00,38420,38720,36120,36220,50204.537705
2022-05-01T00:00:00,36220,36610,35000,36350,78593.067175
2022-05-02T00:00:00,36260,36950,35160,36380,69272.70834
2022-05-03T00:00:00,36330,36710,35800,35920,31206.347997
2022-05-04T00:00:00,35970,38950,35600,38720,106809.968409
2022-05-05T00:00:00,38820,42190,36710,37400,666663.237878
2022-05-06T00:00:00,37400,37580,35450,36350,102487.649275
2022-05-07T00:00:00,36350,36710,35160,35520,57596.592814
2022-05-08T00:00:00,35510,35590,34000,34300,52646.130659
2022-05-09T00:00:00,34360,35300,30080,30090,138339.907042
2022-05-10T00:00:00,30090,32090,28160,30300,178050.190854
2022-05-11T00:00:00,30310,31860,25050,25900,330277.508902
2022-05-12T00:00:00,25940,27290,20910,23160,330386.35289
2022-05-13T00:00:00,23160,26100,23120,24780,242796.903681
2022-05-14T00:00:00,24780,25990,23540,25800,144109.35081
2022-05-15T00:00:00,25720,26470,24920,26440,100409.910588
2022-05-16T00:00:00,26440,27580,24820,25190,152898.357611
2022-05-17T00:00:00,25100,25800,25000,25690,70745.728075
2022-05-18T00:00:00,25680,27000,23010,23340,184243.821464
2022-05-19T00:00:00,23340,24700,22850,24270,184850.104373
2022-05-20T00:00:00,24300,24660,23000,23630,87854.0629
2022-05-21T00:00:00,23630,24790,23330,24010,167277.246389
2022-05-22T00:00:00,24010,25710,23870,25130,159217.93985
2022-05-23T00:00:00,25250,39050,24670,30790,6711029.105786
2022-05-24T00:00:00,30730,35420,28320,31770,5209769.358576
2022-05-25T00:00:00,31780,32500,29430,29850,1372149.731649
2022-05-26T00:00:00,29850,30210,26160,27500,495687.557454
2022-05-27T00:00:00,27540,29740,26800,27760,1025900.656694
2022-05-28T00:00:00,27780,28060,27050,27560,145456.327542
2022-05-29T00:00:00,27560,31660,27470,28740,2001630.939069
2022-05-30T00:00:00,28770,30220,28370,30080,777917.723719
2022-05-31T00:00:00,30130,30440,28600,29620,531373.784884
2022-06-01T00:00:00,29510,32000,27510,27780,792599.907756
2022-06-02T00:00:00,27780,29310,27000,28170,241921.237518
2022-06-03T00:00:00,28170,29580,27000,27710,415750.308554
2022-06-04T00:00:00,27710,28580,27030,27650,136501.3692
2022-06-05T00:00:00,27650,28870,27390,27830,351337.196684
2022-06-06T00:00:00,27840,29580,27670,28560,504538.884137
2022-06-07T00:00:00,28530,30410,27200,27970,659521.96642
2022-06-08T00:00:00,27940,28610,27200,27700,275586.755209
2022-06-09T00:00:00,27760,28470,27270,27390,208904.68602
2022-06-10T00:00:00,27430,29290,27050,27360,1116975.072266
2022-06-11T00:00:00,27310,27690,24400,25440,360374.907383
2022-06-12T00:00:00,25480,25520,22440,22630,243301.394502
2022-06-13T00:00:00,22620,24880,19000,19680,746231.339627
2022-06-14T00:00:00,19720,22690,17520,20610,2415103.521452
2022-06-15T00:00:00,20610,21700,18580,21530,496298.825814
2022-06-16T00:00:00,21440,22790,19710,19950,737500.30348
2022-06-17T00:00:00,19960,21720,19790,20880,738851.113231
2022-06-18T00:00:00,20820,22000,19600,20880,697367.985956
2022-06-19T00:00:00,20880,21780,19800,21720,717305.709361
2022-06-20T00:00:00,21720,22770,21160,22040,875607.900627
2022-06-21T00:00:00,22010,23000,21700,22380,478018.540543
2022-06-22T00:00:00,22370,23580,21380,21590,500067.933097
2022-06-23T00:00:00,21590,22310,21520,22160,229877.328957
2022-06-24T00:00:00,22170,23380,22080,22910,478423.763387
2022-06-25T00:00:00,22960,23490,22260,22920,280664.262999
2022-06-26T00:00:00,22920,23540,22510,22620,355346.517818
2022-06-27T00:00:00,22620,22950,21960,22660,281581.894166
2022-06-28T00:00:00,22650,23050,21350,21460,284648.887256
2022-06-29T00:00:00,21500,22730,20630,21310,301649.230751
2022-06-30T00:00:00,21310,21800,19260,20210,232820.914602
2022-07-01T00:00:00,20130,20900,19470,20190,179545.645599
2022-07-02T00:00:00,20210,20970,19780,20440,314016.039029
2022-07-03T00:00:00,20440,20850,20010,20460,113761.572232
2022-07-04T00:00:00,20450,21100,19940,21050,148642.107796
2022-07-05T00:00:00,21040,21280,20120,20760,169037.02007
2022-07-06T00:00:00,20760,21730,20360,21220,318357.476738
2022-07-07T00:00:00,21100,21760,20790,21620,159302.627717
2022-07-08T00:00:00,21620,22580,21090,21580,474962.690904
2022-07-09T00:00:00,21630,21930,21450,21850,147658.259989
2022-07-10T00:00:00,21810,21830,20830,21010,105558.129709
2022-07-11T00:00:00,21010,21340,19930,20130,153853.83955
2022-07-12T00:00:00,20130,20390,19720,20140,104048.899105
2022-07-13T00:00:00,20150,20460,19340,20460,148353.566627
2022-07-14T00:00:00,20460,20740,19810,20690,123090.756675
2022-07-15T00:00:00,20710,21270,20250,21030,156995.614427
2022-07-16T00:00:00,21030,23600,20620,22560,637676.401649
2022-07-17T00:00:00,22590,24950,21830,23330,2594313.631471
2022-07-18T00:00:00,23260,26280,23150,25740,2425938.57679
2022-07-19T00:00:00,25750,27500,24570,26280,1472504.204136
2022-07-20T00:00:00,26280,26630,23990,24370,566495.816209
2022-07-21T00:00:00,24370,25300,23190,25170,341514.890728
2022-07-22T00:00:00,25180,32420,25180,31300,8008497.943482
2022-07-23T00:00:00,31310,32950,29520,30740,3811419.970281
2022-07-24T00:00:00,30740,30880,29000,29950,881207.415062
2022-07-25T00:00:00,29830,30100,26400,26410,632234.826534
2022-07-26T00:00:00,26410,28850,26270,27820,1503529.868143
2022-07-27T00:00:00,27820,33990,26910,33110,2595233.323448
2022-07-28T00:00:00,33180,39120,32760,37850,6082075.122516
2022-07-29T00:00:00,37850,48950,37760,47340,8210852.830953
2022-07-30T00:00:00,47350,49270,44250,44690,3272769.457836
2022-07-31T00:00:00,44700,46960,40150,40400,1844283.317764
2022-08-01T00:00:00,40390,41000,37980,39050,1042242.724636
2022-08-02T00:00:00,39050,41350,35080,40230,1892924.059113
2022-08-03T00:00:00,40230,41170,38690,39520,850464.859836
2022-08-04T00:00:00,39510,40040,37420,38010,407203.335756
2022-08-05T00:00:00,38010,39770,37530,39200,540609.063609
2022-08-06T00:00:00,39170,39590,38440,38600,316050.89439
2022-08-07T00:00:00,38600,38700,38000,38280,162737.348293
2022-08-08T00:00:00,38270,39670,37550,38650,442415.071845
2022-08-09T00:00:00,38650,38700,36920,37430,214671.071061
2022-08-10T00:00:00,37470,40480,37230,39050,2363101.30772
2022-08-11T00:00:00,39050,43650,38740,40230,2442321.176382
2022-08-12T00:00:00,40230,43270,40090,42060,1801268.719018
2022-08-13T00:00:00,42030,43000,41600,42140,851369.980789
2022-08-14T00:00:00,42160,42320,40700,40990,434527.893177
2022-08-15T00:00:00,41050,41780,39550,40360,353667.862634
2022-08-16T00:00:00,40360,41990,39130,39570,402413.461065
2022-08-17T00:00:00,39570,40800,37870,38920,393211.792517
2022-08-18T00:00:00,38900,39430,38520,38660,109533.193167
2022-08-19T00:00:00,38660,38760,32420,32720,498429.902544
2022-08-20T00:00:00,32730,35900,32550,34250,378552.414284
2022-08-21T00:00:00,34270,34420,33320,34300,159774.422566
2022-08-22T00:00:00,34320,35290,31770,33950,336436.428035
2022-08-23T00:00:00,33950,35440,32510,34440,560213.92799
2022-08-24T00:00:00,34430,35940,34390,35130,738935.101041
2022-08-25T00:00:00,35170,35970,34890,35570,345318.172459
2022-08-26T00:00:00,35580,36200,32390,32800,345360.865718
2022-08-27T00:00:00,32780,33030,31470,32210,113460.835451
2022-08-28T00:00:00,32210,33710,30570,30680,323722.734212
2022-08-29T00:00:00,30720,33600,30240,32090,513605.640687
2022-08-30T00:00:00,32080,32660,30880,31400,184203.64386
2022-08-31T00:00:00,31330,31790,31230,31410,111007.416323
2022-09-01T00:00:00,31410,32030,30710,31380,108386.98524
2022-09-02T00:00:00,31440,31650,30930,31200,121182.423731
2022-09-03T00:00:00,31200,31300,30890,31140,42781.961162
2022-09-04T00:00:00,31140,31960,30950,31250,124794.08353
2022-09-05T00:00:00,31250,34970,30020,34610,912024.469346
2022-09-06T00:00:00,34610,36800,31400,31770,1515799.170145
2022-09-07T00:00:00,31770,33300,30840,33000,444935.003554
2022-09-08T00:00:00,33000,33770,32050,33090,437874.666905
2022-09-09T00:00:00,33090,38140,32800,35770,2810314.475542
2022-09-10T00:00:00,35760,38090,34850,36090,1443188.49121
2022-09-11T00:00:00,36060,36800,35090,35570,414453.569678
2022-09-12T00:00:00,35580,36600,34900,35620,646498.725279
2022-09-13T00:00:00,35580,35740,32750,32950,445218.077997
2022-09-14T00:00:00,32990,34820,32690,34630,478203.147985
2022-09-15T00:00:00,34630,34700,33010,33280,276012.98481
2022-09-16T00:00:00,33260,33430,31810,32310,129312.974097
2022-09-17T00:00:00,32310,32690,32100,32590,73845.520381
2022-09-18T00:00:00,32590,32600,30020,30440,103017.961793
2022-09-19T00:00:00,30450,31890,28900,30740,208612.105684
2022-09-20T00:00:00,30670,30870,29060,29740,106608.548168
2022-09-21T00:00:00,29740,30640,28740,29400,149659.758975
2022-09-22T00:00:00,29280,30330,29100,30290,129401.142614
2022-09-23T00:00:00,30300,30670,29310,30340,179775.371174
2022-09-24T00:00:00,30290,30720,30020,30110,93522.302896
2022-09-25T00:00:00,30140,30620,29700,29740,64141.094842
2022-09-26T00:00:00,29750,31830,29010,30510,575464.956943
2022-09-27T00:00:00,30530,31550,29830,30290,315789.897407
2022-09-28T00:00:00,30210,30340,29300,29750,122424.175923
2022-09-29T00:00:00,29740,29950,29140,29470,85494.432278
2022-09-30T00:00:00,29450,30450,29310,29550,171395.181204
2022-10-01T00:00:00,29570,29760,29360,29480,46427.438021
2022-10-02T00:00:00,29500,29550,28840,28910,58384.511626
2022-10-03T00:00:00,28910,29210,28800,29180,42614.56137
2022-10-04T00:00:00,29170,30150,28940,29580,147547.764995
2022-10-05T00:00:00,29600,29630,29010,29220,68874.600939
2022-10-06T00:00:00,29220,29870,29120,29130,109408.161824
2022-10-07T00:00:00,29140,29250,28740,28930,59744.198244
2022-10-08T00:00:00,28900,29400,28850,28970,61191.844327
2022-10-09T00:00:00,28990,32230,28990,30200,2192657.633375
2022-10-10T00:00:00,30230,30530,28810,28910,331643.251659
2022-10-11T00:00:00,28900,28950,27790,27980,113817.154413
2022-10-12T00:00:00,27920,28300,27520,27670,61533.469612
2022-10-13T00:00:00,27670,29460,24370,26780,1193509.45411
2022-10-14T00:00:00,26780,28000,26100,26470,363066.655947
2022-10-15T00:00:00,26410,27330,25990,26240,155653.547637
2022-10-16T00:00:00,26230,26370,25800,26110,83831.533454
2022-10-17T00:00:00,26090,26750,25600,26400,260713.662221
2022-10-18T00:00:00,26410,26480,25650,25980,129127.846586
2022-10-19T00:00:00,25980,26020,24910,24910,114332.661809
2022-10-20T00:00:00,24910,25140,24360,24500,82994.063821
2022-10-21T00:00:00,24500,24530,23070,24230,120685.134003
2022-10-22T00:00:00,24230,36850,23730,28370,9906087.762512
2022-10-23T00:00:00,28390,32350,27230,28100,8206695.143388
2022-10-24T00:00:00,28100,28840,25400,25680,1362719.12347
2022-10-25T00:00:00,25680,26000,24740,25750,683348.929525
2022-10-26T00:00:00,25750,25950,25290,25800,476311.811802
2022-10-27T00:00:00,25760,25850,25000,25110,274467.327162
2022-10-28T00:00:00,25110,27340,25060,26070,2880713.339917
2022-10-29T00:00:00,26050,27000,25700,26050,1157944.448212
2022-10-30T00:00:00,26020,26500,25350,25520,429574.468854
2022-10-31T00:00:00,25490,25890,24810,25420,512219.176323
2022-11-01T00:00:00,25420,26410,25150,25420,637037.78875
2022-11-02T00:00:00,25420,25850,24620,24940,409142.896539
2022-11-03T00:00:00,24940,25630,24710,25180,237543.118955
2022-11-04T00:00:00,25180,25900,24980,25820,441199.713552
2022-11-05T00:00:00,25790,26800,25700,26340,688793.127389
2022-11-06T00:00:00,26350,26400,25340,25450,228219.897371
2022-11-07T00:00:00,25450,25590,25000,25240,166487.505973
2022-11-08T00:00:00,25240,25320,21580,22530,320774.147505
2022-11-09T00:00:00,22550,24620,17470,19880,1712907.619677
2022-11-10T00:00:00,19880,22540,19610,22540,940321.309169
2022-11-11T00:00:00,22510,22730,20100,21430,347046.456895
2022-11-12T00:00:00,21470,22630,20000,20580,259581.505961
2022-11-13T00:00:00,20580,22580,19820,20240,1439413.36005
2022-11-14T00:00:00,20240,21120,18800,20200,728268.896161
2022-11-15T00:00:00,20200,20650,19800,20500,260789.659069
2022-11-16T00:00:00,20510,21070,19930,20370,291794.192536
2022-11-17T00:00:00,20360,20450,19660,20180,77982.214517
2022-11-18T00:00:00,20200,21180,20130,20440,508623.292216
2022-11-19T00:00:00,20430,21100,20190,21060,237943.460855
2022-11-20T00:00:00,21060,22200,19970,20200,546534.468336
2022-11-21T00:00:00,20200,20200,19280,19820,140318.358065
2022-11-22T00:00:00,19820,20540,18970,20240,236601.52541
2022-11-23T00:00:00,20240,21110,20000,20890,367797.66864
2022-11-24T00:00:00,20900,21110,19630,20500,233653.865425
2022-11-25T00:00:00,20500,20790,19930,20520,121521.5962
2022-11-26T00:00:00,20520,20770,20370,20510,114638.235506
2022-11-27T00:00:00,20540,20890,20320,20450,123302.598771
2022-11-28T00:00:00,20360,21440,19850,20530,803924.304826
2022-11-29T00:00:00,20530,20720,19960,20410,217071.436862
2022-11-30T00:00:00,20380,20800,20270,20710,262745.905078
2022-12-01T00:00:00,20710,21470,20220,20440,423028.582269
2022-12-02T00:00:00,20440,20510,19940,20260,111725.288312
2022-12-03T00:00:00,20230,20270,20050,20120,43910.01265
2022-12-04T00:00:00,20090,20870,20030,20280,294938.538569
2022-12-05T00:00:00,20280,20870,20150,20290,321707.430119
2022-12-06T00:00:00,20300,20660,20120,20300,135044.717917
2022-12-07T00:00:00,20260,20310,19470,19630,122237.323724
2022-12-08T00:00:00,19640,20190,19350,19940,173191.073628
2022-12-09T00:00:00,19920,19950,19650,19790,76253.732843
2022-12-10T00:00:00,19790,20490,19700,19830,239510.867086
2022-12-11T00:00:00,19860,20540,19500,19800,268498.026874
2022-12-12T00:00:00,19770,20500,19000,20110,907292.608261
2022-12-13T00:00:00,20110,20350,19140,19910,390284.011403
2022-12-14T00:00:00,19920,20040,19420,19510,144345.961688
2022-12-15T00:00:00,19590,20280,19350,19540,562557.495548
2022-12-16T00:00:00,19520,19860,17780,18060,223162.099806
2022-12-17T00:00:00,18060,19370,17930,18720,854831.544021
2022-12-18T00:00:00,18720,19050,18000,18220,184537.773828
2022-12-19T00:00:00,18200,18220,16830,17050,158782.729508
2022-12-20T00:00:00,17050,17560,16830,17440,228816.312909
2022-12-21T00:00:00,17440,17690,17000,17380,161818.883275
2022-12-22T00:00:00,17330,17540,16780,17170,102315.190954
2022-12-23T00:00:00,17150,17230,16950,17190,59115.887112
2022-12-24T00:00:00,17210,17260,17050,17160,43948.761373
2022-12-25T00:00:00,17150,17150,16550,16810,65731.840446
2022-12-26T00:00:00,16780,17060,16130,16550,121593.541788
2022-12-27T00:00:00,16550,16550,16000,16150,77865.451572
2022-12-28T00:00:00,16140,16150,14930,15100,162897.963051
2022-12-29T00:00:00,15080,15690,14820,15450,305209.408013
2022-12-30T00:00:00,15430,15750,14460,14850,188020.458159
2022-12-31T00:00:00,14850,15010,14690,14830,75870.001004
2023-01-01T00:00:00,14830,14960,14760,14930,39840.811079
2023-01-02T00:00:00,14930,15290,14610,15190,131535.081245
2023-01-03T00:00:00,15170,15480,15050,15260,121035.462528
2023-01-04T00:00:00,15260,17050,15230,16670,1741696.976515
2023-01-05T00:00:00,16600,19520,16590,17620,2928702.763616
2023-01-06T00:00:00,17620,18000,16240,17800,678701.425859
2023-01-07T00:00:00,17800,18850,17300,17640,976229.54917
2023-01-08T00:00:00,17640,17750,17170,17710,314219.400008
2023-01-09T00:00:00,17710,18130,17400,17760,618032.48151
2023-01-10T00:00:00,17760,18610,17260,17970,706079.133853
2023-01-11T00:00:00,17960,18290,17440,18130,259156.07472
2023-01-12T00:00:00,18130,19630,17870,19020,2111826.968556
2023-01-13T00:00:00,19040,20150,18920,19800,1406854.376405
2023-01-14T00:00:00,19810,20750,18770,20390,1477648.166671
2023-01-15T00:00:00,20400,20400,19250,19950,555821.979724
2023-01-16T00:00:00,19950,20270,19030,19750,393080.946062
2023-01-17T00:00:00,19750,21250,19470,20060,1259873.34324
2023-01-18T00:00:00,20020,20670,18680,18840,610199.457739
2023-01-19T00:00:00,18790,19310,18690,19300,194102.692356
2023-01-20T00:00:00,19300,20600,19160,20550,796532.389552
2023-01-21T00:00:00,20540,21090,20040,20270,679743.52734
2023-01-22T00:00:00,20270,21300,20150,20840,843782.837515
2023-01-23T00:00:00,20840,22210,20600,21310,1387823.849577
2023-01-24T00:00:00,21240,22390,19700,20110,835073.371862
2023-01-25T00:00:00,20110,20900,19500,20450,534710.453542
2023-01-26T00:00:00,20440,25000,20440,22390,7383185.108768
2023-01-27T00:00:00,22350,23650,21270,21950,1547268.436227
2023-01-28T00:00:00,21940,22520,21310,21620,451808.367522
2023-01-29T00:00:00,21630,22140,21330,22090,597574.53285
2023-01-30T00:00:00,22090,22350,20100,20540,446323.798768
2023-01-31T00:00:00,20540,21240,20030,20840,450456.84322
2023-02-01T00:00:00,20770,21430,20010,21310,365509.803914
2023-02-02T00:00:00,21310,22050,21100,21330,473255.494421
2023-02-03T00:00:00,21330,21870,21060,21790,427299.265761
2023-02-04T00:00:00,21710,22640,21560,22160,675504.767054
2023-02-05T00:00:00,22160,23460,20710,21750,1964331.879157
2023-02-06T00:00:00,21710,22160,21400,21850,344733.227564
2023-02-07T00:00:00,21850,22300,21400,22260,302440.820821
2023-02-08T00:00:00,22250,22980,21600,22200,560660.142491
2023-02-09T00:00:00,22160,23750,21240,21640,1151842.393848
2023-02-10T00:00:00,21560,21780,20700,21350,313255.088158
2023-02-11T00:00:00,21340,22350,21280,21750,394520.814605
2023-02-12T00:00:00,21760,22020,21240,21360,212474.534658
2023-02-13T00:00:00,21310,21410,19870,20850,218755.635817
2023-02-14T00:00:00,20850,21300,19930,21150,273639.145694
2023-02-15T00:00:00,21150,22470,20810,22430,367004.691448
2023-02-16T00:00:00,22430,22750,21520,21660,578520.805006
2023-02-17T00:00:00,21660,22760,21520,22670,331865.359524
2023-02-18T00:00:00,22670,23580,22350,23040,846628.72981
2023-02-19T00:00:00,23040,23370,22640,22990,420825.595704
2023-02-20T00:00:00,22940,23950,22320,23810,810623.464319
2023-02-21T00:00:00,23820,28410,23810,25280,8731649.108299
2023-02-22T00:00:00,25270,25400,23680,24390,925740.972877
2023-02-23T00:00:00,24370,24390,23420,23710,367129.054466
2023-02-24T00:00:00,23750,24330,22610,22920,497135.395195
2023-02-25T00:00:00,22910,23290,22170,22980,268494.273795
2023-02-26T00:00:00,22940,23210,22430,23200,124352.430672
2023-02-27T00:00:00,23170,23220,22620,23040,171181.203612
2023-02-28T00:00:00,23040,23040,22570,22590,86842.346837
2023-03-01T00:00:00,22590,23300,22250,22640,289053.427521
2023-03-02T00:00:00,22640,23240,21860,22790,764351.46508
2023-03-03T00:00:00,22780,22800,20990,21670,259381.095595
2023-03-04T00:00:00,21660,22890,21280,21650,433319.736985
2023-03-05T00:00:00,21650,21860,21180,21440,125010.029569
2023-03-06T00:00:00,21390,21440,20450,20850,124724.837594
2023-03-07T00:00:00,20850,21460,20160,20660,219474.848183
2023-03-08T00:00:00,20670,21650,19720,20050,345027.75069
2023-03-09T00:00:00,20000,20190,18360,18720,195800.232774
2023-03-10T00:00:00,18790,18980,17630,18800,198836.053985
2023-03-11T00:00:00,18780,19550,18120,18590,164133.821074
2023-03-12T00:00:00,18590,19360,17740,19350,260597.382626
2023-03-13T00:00:00,19340,20490,18860,20420,593240.739034
2023-03-14T00:00:00,20420,21410,19610,21010,586211.021452
2023-03-15T00:00:00,21010,21150,19850,20160,262560.879249
2023-03-16T00:00:00,20160,20670,19880,20560,107974.162372
2023-03-17T00:00:00,20560,21800,20450,21690,417129.341318
2023-03-18T00:00:00,21700,24600,21550,22500,3597087.846599
2023-03-19T00:00:00,22470,23160,21700,23000,648801.183305
2023-03-20T00:00:00,23000,23650,21700,21950,448257.407954
2023-03-21T00:00:00,21910,22270,20830,22110,346599.501423
2023-03-22T00:00:00,22170,23160,21060,21400,1229471.191601
2023-03-23T00:00:00,21410,22000,21050,21960,237411.452637
2023-03-24T00:00:00,21920,22780,21520,21800,635225.062878
2023-03-25T00:00:00,21850,22180,21470,21700,184656.565399
2023-03-26T00:00:00,21720,21830,21410,21730,89108.466706
2023-03-27T00:00:00,21730,21730,20030,20580,186021.422529
2023-03-28T00:00:00,20580,20980,19790,20760,160310.742427
2023-03-29T00:00:00,20760,21430,20460,21320,198426.931951
2023-03-30T00:00:00,21260,21420,20650,20870,178746.607504
2023-03-31T00:00:00,20870,21250,20540,21040,149042.61494
2023-04-01T00:00:00,21020,21450,20840,21270,126366.06798
2023-04-02T00:00:00,21270,21270,20800,20940,70157.136417
2023-04-03T00:00:00,20940,22000,20660,21360,389795.652421
2023-04-04T00:00:00,21340,21740,21060,21400,144520.409724
2023-04-05T00:00:00,21400,21690,21220,21680,146402.479485
2023-04-06T00:00:00,21690,21830,21340,21810,145308.366652
2023-04-07T00:00:00,21810,21810,21280,21580,94297.908696
2023-04-08T00:00:00,21580,21680,21330,21490,48799.988567
2023-04-09T00:00:00,21520,21690,21100,21430,100604.499152
2023-04-10T00:00:00,21340,22070,21090,22060,181488.226022
2023-04-11T00:00:00,22060,22800,21800,22500,543115.205689
2023-04-12T00:00:00,22520,22570,21560,22060,334605.701696
2023-04-13T00:00:00,22060,22400,21770,22220,183001.223347
2023-04-14T00:00:00,22220,22480,21900,22260,212679.42726
2023-04-15T00:00:00,22250,22690,22130,22300,195389.632075
2023-04-16T00:00:00,22300,22460,22140,22260,97053.136424
2023-04-17T00:00:00,22260,22420,21750,21950,140276.22138
2023-04-18T00:00:00,21950,22200,21670,22170,107079.913752
2023-04-19T00:00:00,22170,22170,20910,21010,116132.475303
2023-04-20T00:00:00,21040,21180,20360,20770,102590.714338
2023-04-21T00:00:00,20770,20880,20000,20110,79812.244349
2023-04-22T00:00:00,20190,22760,19880,20810,2033676.910821
2023-04-23T00:00:00,20800,20840,20060,20210,170126.600002
2023-04-24T00:00:00,20210,20540,19760,19970,206959.489217
2023-04-25T00:00:00,19960,20520,19250,20100,195058.350405
2023-04-26T00:00:00,20100,20460,19690,19850,183002.033794
2023-04-27T00:00:00,19850,20040,19680,19910,113001.270535
2023-04-28T00:00:00,19960,19990,19730,19840,71330.299401
2023-04-29T00:00:00,19840,19900,19740,19860,48690.808209
2023-04-30T00:00:00,19850,19880,19720,19820,42998.937864
2023-05-01T00:00:00,19820,19960,19140,19240,80455.253153
2023-05-02T00:00:00,19240,19750,19030,19310,79291.516643
2023-05-03T00:00:00,19340,19650,18940,19300,81983.62764
2023-05-04T00:00:00,19300,19650,19100,19210,81224.832187
2023-05-05T00:00:00,19210,19300,19000,19200,44841.899268
2023-05-06T00:00:00,19200,19570,18820,19100,105870.098133
2023-05-07T00:00:00,19040,19090,18840,18860,34235.454631
2023-05-08T00:00:00,18860,19280,17700,17930,131625.064225
2023-05-09T00:00:00,17910,19610,17770,19340,1225276.467142
2023-05-10T00:00:00,19320,19550,18090,18420,305196.829757
2023-05-11T00:00:00,18420,18420,17710,17810,66854.610255
2023-05-12T00:00:00,17810,18380,17470,18030,251547.198286
2023-05-13T00:00:00,18030,18480,17760,17990,92179.254882
2023-05-14T00:00:00,17990,18890,17920,18090,285168.996494
2023-05-15T00:00:00,18090,18250,17730,17920,79999.112646
2023-05-16T00:00:00,17920,18200,17800,17930,65038.018614
2023-05-17T00:00:00,17920,17970,17600,17890,71149.907879
2023-05-18T00:00:00,17860,17890,17660,17760,42067.575679
2023-05-19T00:00:00,17720,17950,17650,17770,50328.035184
2023-05-20T00:00:00,17780,18890,17750,18060,609603.035169
2023-05-21T00:00:00,18080,18140,17700,17720,84047.573375
2023-05-22T00:00:00,17720,18040,17160,17440,114647.443671
2023-05-23T00:00:00,17440,17760,17280,17380,69293.532254
2023-05-24T00:00:00,17360,17440,16810,17000,66127.089479
2023-05-25T00:00:00,17020,17890,16790,17110,378014.513553
2023-05-26T00:00:00,17110,17270,16840,17050,92127.417322
2023-05-27T00:00:00,17090,17100,16900,17030,40674.029921
2023-05-28T00:00:00,17040,17400,17000,17370,87213.33202
2023-05-29T00:00:00,17400,18050,17180,17480,387776.100758
2023-05-30T00:00:00,17500,17500,17210,17240,76846.662332
2023-05-31T00:00:00,17230,17590,16950,17050,111014.304199
2023-06-01T00:00:00,17050,17220,16900,16960,38233.449978
2023-06-02T00:00:00,16960,17110,16900,17080,39709.598723
2023-06-03T00:00:00,17060,17110,16970,17050,22234.11623
2023-06-04T00:00:00,17060,17150,16990,17050,32636.068111
2023-06-05T00:00:00,17050,17070,16110,16410,67114.751915
2023-06-06T00:00:00,16430,16870,16000,16630,103898.850661
2023-06-07T00:00:00,16610,16700,16060,16140,56243.990004
2023-06-08T00:00:00,16150,16280,15920,16030,33103.347527
2023-06-09T00:00:00,16030,16110,15800,15930,36812.801315
2023-06-10T00:00:00,15930,15980,14000,14620,129752.453162
2023-06-11T00:00:00,14630,16280,14560,15080,819078.534807
2023-06-12T00:00:00,15100,15450,14530,14710,128665.329204
2023-06-13T00:00:00,14710,14940,14350,14520,64813.418377
2023-06-14T00:00:00,14520,14850,14120,14240,71295.484159
2023-06-15T00:00:00,14240,14700,14130,14560,106701.1206
2023-06-16T00:00:00,14560,14740,14330,14720,45206.325268
2023-06-17T00:00:00,14720,15090,14610,14830,86819.932746
2023-06-18T00:00:00,14840,14860,14690,14690,38561.798594
2023-06-19T00:00:00,14690,15300,14650,14860,95756.385889
2023-06-20T00:00:00,14860,15220,14670,15180,90721.651098
2023-06-21T00:00:00,15220,17360,15120,16540,1323505.255325
2023-06-22T00:00:00,16550,17300,15930,16130,572555.322347
2023-06-23T00:00:00,16120,19760,16120,19070,3637987.684034
2023-06-24T00:00:00,19070,20530,18310,19370,2669360.76392
2023-06-25T00:00:00,19370,19780,17700,17940,621633.32063
2023-06-26T00:00:00,17950,19170,17020,18650,1232070.90791
2023-06-27T00:00:00,18580,19280,17740,18400,505252.482811
2023-06-28T00:00:00,18380,18960,16600,17050,509963.333191
2023-06-29T00:00:00,17080,18750,16940,18050,462593.69153
2023-06-30T00:00:00,18050,23880,17970,21280,7972007.081582
2023-07-01T00:00:00,21280,27100,21170,22580,8057235.165486
2023-07-02T00:00:00,22450,23410,20890,22130,1777766.977819
2023-07-03T00:00:00,22130,22150,20690,21130,442426.574422
2023-07-04T00:00:00,21140,21700,20110,20210,409788.786906
2023-07-05T00:00:00,20210,20510,18730,19740,377880.597972
2023-07-06T00:00:00,19750,21500,19340,20100,1474797.959639
2023-07-07T00:00:00,20150,20790,19780,20130,328577.192474
2023-07-08T00:00:00,20100,20390,19540,19750,156358.612498
2023-07-09T00:00:00,19750,19820,19180,19360,114868.85813
2023-07-10T00:00:00,19360,19520,18580,19340,238410.577603
2023-07-11T00:00:00,19330,19400,18710,18990,175354.628873
2023-07-12T00:00:00,18960,19420,18710,19010,182969.855073
2023-07-13T00:00:00,19000,19060,17970,18470,289314.855328
2023-07-14T00:00:00,18470,18750,18000,18330,199643.829807
2023-07-15T00:00:00,18330,18370,17970,18240,135096.751796
2023-07-16T00:00:00,18260,18970,18140,18220,295953.86158
2023-07-17T00:00:00,18240,18850,18020,18180,270813.735814
2023-07-18T00:00:00,18190,18220,17920,18100,102279.085318
2023-07-19T00:00:00,18100,18800,18080,18480,425150.12181
2023-07-20T00:00:00,18470,18830,18210,18470,257139.188025
2023-07-21T00:00:00,18480,18630,18180,18460,124831.865265
2023-07-22T00:00:00,18450,18700,18250,18310,125577.307868
2023-07-23T00:00:00,18310,18650,18160,18360,150818.662207
2023-07-24T00:00:00,18360,18500,17800,17850,280112.383867
2023-07-25T00:00:00,17890,18180,17330,17760,125968.283197
2023-07-26T00:00:00,17770,17810,17350,17670,82831.944278
2023-07-27T00:00:00,17670,17750,17490,17660,90831.218309
2023-07-28T00:00:00,17660,18090,17540,17790,116378.603224
2023-07-29T00:00:00,17780,17900,17700,17850,69151.560226
2023-07-30T00:00:00,17850,24950,17750,23460,8422005.59986
2023-07-31T00:00:00,23440,26660,21530,23990,11677088.647435
2023-08-01T00:00:00,24000,24980,21630,22430,3976104.939086
2023-08-02T00:00:00,22410,23300,20920,21080,2928291.764617
2023-08-03T00:00:00,21090,22660,20140,21190,2046366.316877
2023-08-04T00:00:00,21200,24050,20870,21930,6706377.92127
2023-08-05T00:00:00,21930,22280,20610,21030,1042090.31879
2023-08-06T00:00:00,21030,21160,20520,20740,408200.578613
2023-08-07T00:00:00,20740,21740,20180,20800,1292262.067625
2023-08-08T00:00:00,20800,21440,20330,20870,642924.006198
2023-08-09T00:00:00,20870,20980,20330,20400,386900.851249
2023-08-10T00:00:00,20400,20590,20030,20110,264117.797594
2023-08-11T00:00:00,20110,20250,20040,20180,154613.371313
2023-08-12T00:00:00,20170,21420,20100,20780,2069396.063986
2023-08-13T00:00:00,20770,20960,20410,20470,335319.85517
2023-08-14T00:00:00,20470,20590,20180,20410,225355.904915
2023-08-15T00:00:00,20410,20550,19710,19730,310212.181116
2023-08-16T00:00:00,19740,20570,18770,18950,1088098.398405
2023-08-17T00:00:00,18930,19840,17390,18160,637546.174435
2023-08-18T00:00:00,18170,18720,17630,18430,280470.160644
2023-08-19T00:00:00,18440,19480,18200,18850,514321.338775
2023-08-20T00:00:00,18860,18860,18380,18570,145182.294363
2023-08-21T00:00:00,18570,19380,18240,18630,514107.462942
2023-08-22T00:00:00,18660,18660,18000,18410,119218.806949
2023-08-23T00:00:00,18390,18700,18140,18600,168597.618875
2023-08-24T00:00:00,18600,18600,18100,18230,133791.240295
2023-08-25T00:00:00,18210,18250,17720,18020,118211.172905
2023-08-26T00:00:00,18050,18300,17910,18050,80134.301772
2023-08-27T00:00:00,18050,18650,17930,18360,321171.184051
2023-08-28T00:00:00,18430,18430,17700,18030,198467.235233
2023-08-29T00:00:00,18030,19400,17850,19270,618714.649336
2023-08-30T00:00:00,19270,19620,18350,18510,281062.472083
2023-08-31T00:00:00,18500,18770,17900,17990,259380.640772
2023-09-01T00:00:00,17990,18330,17710,17810,125652.669396
2023-09-02T00:00:00,17810,17920,17400,17680,111569.272347
2023-09-03T00:00:00,17680,17790,17500,17660,80345.161548
2023-09-04T00:00:00,17670,17700,17430,17550,77888.784376
2023-09-05T00:00:00,17550,17650,17210,17610,73541.793685
2023-09-06T00:00:00,17610,17640,17340,17480,48302.597595
2023-09-07T00:00:00,17490,17900,17400,17800,87384.158698
2023-09-08T00:00:00,17790,17920,17430,17620,102881.964982
2023-09-09T00:00:00,17620,17670,17520,17610,37602.606052
2023-09-10T00:00:00,17610,17620,17310,17380,55984.67064
2023-09-11T00:00:00,17380,17410,16680,16950,112456.87806
2023-09-12T00:00:00,16960,18150,16840,17450,251293.724257
2023-09-13T00:00:00,17470,17650,17050,17540,177642.921977
2023-09-14T00:00:00,17540,17930,17330,17680,208249.091428
2023-09-15T00:00:00,17680,18050,17550,17760,242454.529811
2023-09-16T00:00:00,17770,17900,17600,17790,175792.55464
2023-09-17T00:00:00,17780,17780,17200,17240,123374.865209
2023-09-18T00:00:00,17240,18160,17160,17580,477056.726175
2023-09-19T00:00:00,17590,17870,17360,17710,209602.566554
2023-09-20T00:00:00,17710,17770,17450,17570,140771.387227
2023-09-21T00:00:00,17570,17720,17220,17350,126975.748929
2023-09-22T00:00:00,17380,17420,17250,17360,72439.004573
2023-09-23T00:00:00,17380,17390,17260,17370,64670.869997
2023-09-24T00:00:00,17380,18770,17350,17440,1318133.045642
2023-09-25T00:00:00,17440,17900,17200,17470,227753.240669
2023-09-26T00:00:00,17460,17560,17300,17360,106968.522704
2023-09-27T00:00:00,17350,18700,17300,17860,814122.065316
2023-09-28T00:00:00,17840,18290,17650,18020,438800.583531
2023-09-29T00:00:00,18020,18050,17580,17730,176593.528563
2023-09-30T00:00:00,17730,18070,17680,17870,131744.048625
2023-10-01T00:00:00,17870,18330,17750,18310,214611.691394
2023-10-02T00:00:00,18310,19940,18270,19300,2675999.81859
2023-10-03T00:00:00,19250,21710,18050,18460,4385624.313528
2023-10-04T00:00:00,18460,18960,18050,18550,932766.314024
2023-10-05T00:00:00,18550,18590,17870,18090,341655.193892
2023-10-06T00:00:00,18080,18280,17890,18260,231451.647279
2023-10-07T00:00:00,18220,18870,18120,18220,216447.412743
2023-10-08T00:00:00,18220,18250,17920,18040,135205.520634
2023-10-09T00:00:00,18030,18070,17240,17540,213113.637562
2023-10-10T00:00:00,17540,17950,17330,17460,204099.928301
2023-10-11T00:00:00,17470,17660,17070,17230,138033.877484
2023-10-12T00:00:00,17250,17800,17150,17300,158745.634076
2023-10-13T00:00:00,17300,17510,17200,17450,83676.174734
2023-10-14T00:00:00,17470,17930,17400,17430,220676.570819
2023-10-15T00:00:00,17430,17520,17240,17450,174934.574787
2023-10-16T00:00:00,17450,19500,17300,18520,2149742.592138
2023-10-17T00:00:00,18530,18760,17890,18110,782626.970819
2023-10-18T00:00:00,18110,19010,17900,18210,913055.226968
2023-10-19T00:00:00,18210,18800,18040,18390,729142.545531
2023-10-20T00:00:00,18400,20950,18130,19910,3013539.414251
2023-10-21T00:00:00,19910,21710,19600,20310,2817523.145571
2023-10-22T00:00:00,20350,20970,18850,19300,749127.557597
2023-10-23T00:00:00,19300,20880,19010,20880,1085660.071999
2023-10-24T00:00:00,20880,21220,19700,20480,1131107.962423
2023-10-25T00:00:00,20480,20580,19950,20300,364440.535452
2023-10-26T00:00:00,20300,20570,19660,20020,473228.118435
2023-10-27T00:00:00,20040,20110,19500,19860,167620.011075
2023-10-28T00:00:00,19860,20470,19790,20270,467870.195946
2023-10-29T00:00:00,20330,20550,20200,20520,333559.942012
2023-10-30T00:00:00,20520,20590,20110,20360,312104.42422
2023-10-31T00:00:00,20370,21490,19880,20740,1048185.892306
2023-11-01T00:00:00,20750,21870,20200,21450,1046636.479021
2023-11-02T00:00:00,21450,23080,21060,21470,1846549.77325
2023-11-03T00:00:00,21510,21930,20360,20830,391794.440722
2023-11-04T00:00:00,20820,21450,20550,21180,328008.128751
2023-11-05T00:00:00,21120,21720,20840,21270,679073.171984
2023-11-06T00:00:00,21270,21440,20640,21210,328929.895587
2023-11-07T00:00:00,21200,21710,20900,21630,485080.235351
2023-11-08T00:00:00,21620,22060,21250,21960,380677.930869
2023-11-09T00:00:00,21960,23910,21400,23100,1725141.452496
2023-11-10T00:00:00,23120,24900,22410,23400,1059595.479701
2023-11-11T00:00:00,23410,23410,22230,22620,406214.063074
2023-11-12T00:00:00,22630,22790,21900,22210,272103.065896
2023-11-13T00:00:00,22220,22900,22010,22190,375010.573243
2023-11-14T00:00:00,22190,22370,21210,21560,340988.105067
2023-11-15T00:00:00,21570,22430,20600,22370,335881.630663
2023-11-16T00:00:00,22370,22450,21540,21740,372906.246552
2023-11-17T00:00:00,21740,21870,20970,21510,182221.051814
2023-11-18T00:00:00,21550,21550,20720,21160,81560.910129
2023-11-19T00:00:00,21170,22400,21070,21520,560902.492346
2023-11-20T00:00:00,21520,21950,21260,21400,187348.302224
2023-11-21T00:00:00,21400,21600,20150,20230,215854.933943
2023-11-22T00:00:00,20240,21070,20100,20930,152608.147575
2023-11-23T00:00:00,20910,21070,20650,20930,110097.402993
2023-11-24T00:00:00,20900,21410,20800,21120,197386.402344
2023-11-25T00:00:00,21170,21330,20860,21140,143513.448048
2023-11-26T00:00:00,21140,21180,20790,20940,92654.914043
2023-11-27T00:00:00,20940,21170,20340,20670,147190.356717
2023-11-28T00:00:00,20670,20770,20200,20670,84934.388582
2023-11-29T00:00:00,20670,21250,20600,20940,281194.759192
2023-11-30T00:00:00,20940,20940,20520,20710,89520.487661
2023-12-01T00:00:00,20680,21140,20620,21140,153108.316178
2023-12-02T00:00:00,21120,21400,21000,21380,164775.731397
2023-12-03T00:00:00,21390,25270,21390,24030,7081583.261954
2023-12-04T00:00:00,24030,25180,23550,24410,3350080.530859
2023-12-05T00:00:00,24410,24690,23100,24540,1000270.636215
2023-12-06T00:00:00,24570,26430,23860,24900,1971316.674449
2023-12-07T00:00:00,24900,25280,23850,24480,678929.30397
2023-12-08T00:00:00,24520,25000,24000,24840,470868.935332
2023-12-09T00:00:00,24850,25150,24370,24730,511188.724965
2023-12-10T00:00:00,24750,24980,23940,24590,360852.705383
2023-12-11T00:00:00,24590,24790,22500,23330,388116.573004
2023-12-12T00:00:00,23330,24100,22840,23380,320918.514465
2023-12-13T00:00:00,23380,23780,22300,23780,214543.768701
2023-12-14T00:00:00,23780,23930,23240,23620,202664.777166
2023-12-15T00:00:00,23620,23620,23130,23150,97512.030825
2023-12-16T00:00:00,23150,23290,22560,23020,98645.949791
2023-12-17T00:00:00,23030,23090,22510,22540,83770.541501
2023-12-18T00:00:00,22540,23000,21160,22520,343369.678489
2023-12-19T00:00:00,22490,22670,22210,22340,143865.942214
2023-12-20T00:00:00,22340,23190,22000,23110,161917.01492
2023-12-21T00:00:00,23110,23560,22790,23230,206294.842322
2023-12-22T00:00:00,23230,24700,23080,24040,942337.774543
2023-12-23T00:00:00,24040,24250,23270,23610,223481.117685
2023-12-24T00:00:00,23610,23950,22990,23050,207546.198897
2023-12-25T00:00:00,23030,23450,22610,23370,196354.513425
2023-12-26T00:00:00,23370,23370,22560,22920,182129.314452
2023-12-27T00:00:00,22920,26950,22500,26890,2448307.754708
2023-12-28T00:00:00,26890,32260,25210,29000,8511079.175969
2023-12-29T00:00:00,29000,32910,27190,29890,8099228.905662
2023-12-30T00:00:00,29890,31950,28820,30090,3065397.232804
2023-12-31T00:00:00,30090,30210,28330,28930,1178545.974354
2024-01-01T00:00:00,28900,30170,27760,29360,1530182.639804
2024-01-02T00:00:00,29340,32300,28920,29960,3068211.594119
2024-01-03T00:00:00,29960,30570,24860,27000,1083889.72483
2024-01-04T00:00:00,27000,27180,25160,26720,543809.200785
2024-01-05T00:00:00,26730,26970,25160,25780,224884.875078
2024-01-06T00:00:00,25780,27720,25350,26530,859921.300479
2024-01-07T00:00:00,26530,27050,24130,24730,344896.284009
2024-01-08T00:00:00,24730,29490,22690,28810,1014906.821295
2024-01-09T00:00:00,28810,30450,26890,28120,1771310.996285
2024-01-10T00:00:00,28110,31970,26780,31650,2736250.390899
2024-01-11T00:00:00,31680,40140,30030,37970,7410059.223367
2024-01-12T00:00:00,37980,42000,35000,39530,6544065.637493
2024-01-13T00:00:00,39490,40210,35950,38030,2490500.033073
2024-01-14T00:00:00,38030,38630,34500,35000,1415328.602192
2024-01-15T00:00:00,35100,36650,34240,35110,994753.858655
2024-01-16T00:00:00,35230,35800,33620,34960,933175.59643
2024-01-17T00:00:00,34940,34980,33190,33650,361842.219005
2024-01-18T00:00:00,33650,34400,30950,31610,581059.130279
2024-01-19T00:00:00,31580,32100,29650,31970,494805.324062
2024-01-20T00:00:00,31980,32000,30360,31080,189706.187543
2024-01-21T00:00:00,30980,33430,30710,31960,674900.198557
2024-01-22T00:00:00,32040,32170,29420,29550,359871.391358
2024-01-23T00:00:00,29570,30190,27370,29790,473323.573711
2024-01-24T00:00:00,29790,29790,28550,29310,229918.85079
2024-01-25T00:00:00,29310,29470,28240,28730,174956.890828
2024-01-26T00:00:00,28790,30550,28220,30500,372915.198015
2024-01-27T00:00:00,30500,33400,30410,32740,1782973.234483
2024-01-28T00:00:00,32750,33300,31160,31560,796532.429031
2024-01-29T00:00:00,31560,32770,30900,32720,333297.39434
2024-01-30T00:00:00,32720,33120,31780,32210,530587.103597
2024-01-31T00:00:00,32180,32590,30300,30880,349857.479915
2024-02-01T00:00:00,30880,30980,29700,30610,208067.545101
2024-02-02T00:00:00,30610,30960,30090,30780,154079.507811
2024-02-03T00:00:00,30790,32000,30510,30920,436016.747224
2024-02-04T00:00:00,30870,30920,30180,30250,122633.591998
2024-02-05T00:00:00,30250,30890,29710,30220,231429.918821
2024-02-06T00:00:00,30220,30680,30000,30120,211552.764387
2024-02-07T00:00:00,30120,30760,29300,30680,187458.502082
2024-02-08T00:00:00,30670,32450,30560,32120,928415.477082
2024-02-09T00:00:00,32120,34630,32000,33340,1677311.028691
2024-02-10T00:00:00,33340,33570,31960,32720,533878.954731
2024-02-11T00:00:00,32760,34220,32250,33580,1128883.584471
2024-02-12T00:00:00,33580,34200,32740,34130,671831.946539
2024-02-13T00:00:00,34130,35770,33260,34200,1556016.663107
2024-02-14T00:00:00,34170,35350,33380,35300,905919.027171
2024-02-15T00:00:00,35300,36350,34730,35310,1094086.054211
2024-02-16T00:00:00,35410,35790,34620,35000,469725.280492
2024-02-17T00:00:00,35010,35040,32700,33920,448782.199066
2024-02-18T00:00:00,33920,34290,33330,34080,225578.487027
2024-02-19T00:00:00,34080,34570,33800,34360,331600.685816
2024-02-20T00:00:00,34360,34690,33510,33980,348973.57061
2024-02-21T00:00:00,33980,34290,32500,33190,293989.967693
2024-02-22T00:00:00,33180,33400,32620,32960,193672.599629
2024-02-23T00:00:00,32960,33080,32450,32520,169448.684935
2024-02-24T00:00:00,32520,32950,32040,32920,172054.269862
2024-02-25T00:00:00,32920,33420,32450,33320,183454.644806
2024-02-26T00:00:00,33320,35580,32150,34840,563719.676869
2024-02-27T00:00:00,34880,37210,34710,36270,2175525.92475
2024-02-28T00:00:00,36270,39610,35200,38870,2537586.011104
2024-02-29T00:00:00,38870,40460,37300,37790,2257751.447217
2024-03-01T00:00:00,37780,38880,37510,38850,755747.30651
2024-03-02T00:00:00,38850,49730,38590,47690,5326194.901957
2024-03-03T00:00:00,47680,57000,45120,51010,8160978.256368
2024-03-04T00:00:00,51000,55770,49730,54800,4055628.407417
2024-03-05T00:00:00,54870,56300,46980,51960,2708308.724971
2024-03-06T00:00:00,51850,58590,48710,57810,1304811.409462
2024-03-07T00:00:00,57710,71700,55650,67720,4165617.712548
2024-03-08T00:00:00,67590,80300,67000,80230,4053353.089096
2024-03-09T00:00:00,80240,92500,70030,75000,7979382.064593
2024-03-10T00:00:00,75000,79990,70640,71460,4004869.487048
2024-03-11T00:00:00,71430,74040,64770,72640,3220499.734105
2024-03-12T00:00:00,72650,72680,69000,70700,770364.233482
2024-03-13T00:00:00,70700,71600,69370,70490,718785.082646
2024-03-14T00:00:00,70490,71840,64810,68730,1111781.231614
2024-03-15T00:00:00,68540,71360,58680,65030,1566102.604346
2024-03-16T00:00:00,65030,70470,58500,63080,2126250.648069
2024-03-17T00:00:00,63000,66000,59100,65520,1079299.436022
2024-03-18T00:00:00,65530,65590,61400,61900,446950.128341
2024-03-19T00:00:00,61900,63320,53690,55760,950217.090695
2024-03-20T00:00:00,55750,61860,50500,60750,1398618.905912
2024-03-21T00:00:00,60660,64470,58860,60070,1103108.076182
2024-03-22T00:00:00,60200,62670,57000,60550,620310.984934
2024-03-23T00:00:00,60550,65470,58640,62890,884043.333473
2024-03-24T00:00:00,62890,65300,61080,65300,900298.68342
2024-03-25T00:00:00,65300,66220,63290,65330,827577.288925
2024-03-26T00:00:00,65330,67640,64420,65610,939473.609372
2024-03-27T00:00:00,65560,67880,61000,67700,1328616.720509
2024-03-28T00:00:00,67650,67980,64510,67620,826741.829119
2024-03-29T00:00:00,67590,71940,66530,70170,1909245.425943
2024-03-30T00:00:00,70170,71700,68000,68100,650325.956872
2024-03-31T00:00:00,68100,70320,65920,70180,533111.888603
2024-04-01T00:00:00,70180,71050,65100,67340,740535.782714
2024-04-02T00:00:00,67280,67400,60000,62340,643903.503756
2024-04-03T00:00:00,62340,64380,58800,62350,516236.808779
2024-04-04T00:00:00,62370,65540,61000,65280,647111.896972
2024-04-05T00:00:00,65130,67500,62720,64770,671925.00253
2024-04-06T00:00:00,64800,67760,64800,67580,665541.011604
2024-04-07T00:00:00,67580,67810,65690,66480,352724.05308
2024-04-08T00:00:00,66480,67480,64430,67330,548326.681135
2024-04-09T00:00:00,67330,67370,63960,64130,336013.354469
2024-04-10T00:00:00,64020,64200,61000,63550,248657.315753
2024-04-11T00:00:00,63550,63650,61600,62240,139045.309223
2024-04-12T00:00:00,62240,62420,55850,57300,236494.960445
2024-04-13T00:00:00,57300,59390,44630,50000,549440.826341
2024-04-14T00:00:00,50000,53370,46500,53120,424052.846531
2024-04-15T00:00:00,53130,54270,50530,51190,255912.102693
2024-04-16T00:00:00,51190,55000,49780,51450,501531.033974
2024-04-17T00:00:00,51450,51470,47600,48810,216458.667972
2024-04-18T00:00:00,48810,50170,46800,50040,279804.510835
2024-04-19T00:00:00,50000,50770,45000,49110,368862.875726
2024-04-20T00:00:00,49110,52110,48530,51890,170000.020282
2024-04-21T00:00:00,51890,52230,50400,50750,141605.936456
2024-04-22T00:00:00,50790,52460,50410,52360,131055.621973
2024-04-23T00:00:00,52450,53190,50300,50810,152521.967008
2024-04-24T00:00:00,50810,51020,48000,48660,124128.476634
2024-04-25T00:00:00,48760,49880,46000,47520,131839.526545
2024-04-26T00:00:00,47420,47800,46010,47590,71266.765061
2024-04-27T00:00:00,47530,48700,46180,47580,100839.530713
2024-04-28T00:00:00,47450,49120,46580,46630,85215.442673
2024-04-29T00:00:00,46630,46960,44410,45970,137137.849803
2024-04-30T00:00:00,45970,46200,41520,42210,199038.932012
2024-05-01T00:00:00,42330,42350,37760,40690,422710.059219
2024-05-02T00:00:00,40670,40810,38290,40040,127407.408517
2024-05-03T00:00:00,40040,48240,39790,46640,1575377.801406
2024-05-04T00:00:00,46640,53210,46020,50410,2958167.225606
2024-05-05T00:00:00,50450,53350,49100,51990,2014116.899812
2024-05-06T00:00:00,51990,52900,49500,49750,911398.236136
2024-05-07T00:00:00,49750,51430,47840,48030,602452.45399
2024-05-08T00:00:00,48020,49340,45300,46210,316264.910969
2024-05-09T00:00:00,46280,48020,45280,47890,240325.890322
2024-05-10T00:00:00,47890,47900,45500,46170,154322.947371
2024-05-11T00:00:00,46050,47990,45730,47390,435441.831386
2024-05-12T00:00:00,47390,47800,46110,46750,131114.472654
2024-05-13T00:00:00,46750,46970,43650,46120,255478.979808
2024-05-14T00:00:00,46150,46990,44230,44470,176683.682678
2024-05-15T00:00:00,44460,48180,43550,48180,264863.569551
2024-05-16T00:00:00,48190,48760,46200,46980,321322.677908
2024-05-17T00:00:00,46980,48170,46000,47890,213202.447832
2024-05-18T00:00:00,47910,51930,47430,50770,862935.339148
2024-05-19T00:00:00,50790,52060,48790,49550,903817.547095
2024-05-20T00:00:00,49550,52000,48310,51870,504706.951646
2024-05-21T00:00:00,51860,56110,51690,52600,1478394.794401
2024-05-22T00:00:00,52590,52590,49850,50340,358773.23772
2024-05-23T00:00:00,50300,53200,49300,50390,718193.126145
2024-05-24T00:00:00,50390,51590,48860,50180,262980.173561
2024-05-25T00:00:00,50190,50680,49870,50320,119995.282696
2024-05-26T00:00:00,50310,50350,48900,49170,123088.391395
2024-05-27T00:00:00,49170,49680,48210,49250,191038.463891
2024-05-28T00:00:00,49260,49280,47230,47890,137304.715814
2024-05-29T00:00:00,47890,49280,46930,47230,173873.429675
2024-05-30T00:00:00,47290,47510,45300,46580,143159.75624
2024-05-31T00:00:00,46640,47510,45540,46270,147881.156087
2024-06-01T00:00:00,46270,47300,46010,46630,91111.442782
2024-06-02T00:00:00,46630,47190,45810,46390,84742.476559
2024-06-03T00:00:00,46390,46730,45500,46100,120818.60178
2024-06-04T00:00:00,46100,46640,44830,46640,108675.987704
2024-06-05T00:00:00,46640,47680,46500,47680,217407.442938
2024-06-06T00:00:00,47680,47930,46520,47000,137915.221921
2024-06-07T00:00:00,46990,47910,44000,45350,206449.867856
2024-06-08T00:00:00,45370,45500,44320,44470,59854.644023
2024-06-09T00:00:00,44470,44720,43990,44500,39325.887338
2024-06-10T00:00:00,44530,44760,42340,42810,100905.679163
2024-06-11T00:00:00,42870,42870,40840,41240,91758.638562
2024-06-12T00:00:00,41400,44000,40290,42710,153370.177363
2024-06-13T00:00:00,42760,43510,40940,41010,59350.720972
2024-06-14T00:00:00,40990,41320,39700,40130,88589.387054
2024-06-15T00:00:00,40130,40500,39880,40420,33998.457404
2024-06-16T00:00:00,40340,40430,38730,38850,58836.587745
2024-06-17T00:00:00,38850,38960,34410,35630,248451.923681
2024-06-18T00:00:00,35580,35640,32000,33000,158679.786945
2024-06-19T00:00:00,33000,34300,32540,34150,83212.476248
2024-06-20T00:00:00,34160,35950,33540,34800,79710.315631
2024-06-21T00:00:00,34950,35700,33550,34050,79485.709002
2024-06-22T00:00:00,34160,38860,33690,37110,473799.645107
2024-06-23T00:00:00,37110,39350,36350,36770,655870.55185
2024-06-24T00:00:00,36910,38610,34510,35890,411395.314795
2024-06-25T00:00:00,35930,36930,35150,36570,237107.772401
2024-06-26T00:00:00,36510,36690,35290,35500,99534.037046
2024-06-27T00:00:00,35490,35740,33670,35620,147761.775092
2024-06-28T00:00:00,35550,35870,34530,34810,86495.459154
2024-06-29T00:00:00,34800,35220,34420,34570,41838.815954
2024-06-30T00:00:00,34550,35500,33900,35290,68944.205282
2024-07-01T00:00:00,35280,36430,34950,35160,102575.246263
2024-07-02T00:00:00,35300,35300,34550,34950,48128.898099
2024-07-03T00:00:00,34950,35130,33500,33810,80530.562955
2024-07-04T00:00:00,33740,35130,31510,31580,205451.157623
2024-07-05T00:00:00,31580,33990,29130,31540,551570.113887
2024-07-06T00:00:00,31510,33300,30710,33290,168208.850271
2024-07-07T00:00:00,33290,34000,30790,31030,200232.52369
2024-07-08T00:00:00,31030,32750,29780,31690,242478.703944
2024-07-09T00:00:00,31710,32100,31140,31970,137032.641849
2024-07-10T00:00:00,32050,33770,31970,32570,439137.337013
2024-07-11T00:00:00,32570,33400,31760,32190,168143.593096
2024-07-12T00:00:00,32190,32770,31470,32730,91332.360043
2024-07-13T00:00:00,32740,33400,32440,33190,137925.357878
2024-07-14T00:00:00,33260,35120,33120,34970,653955.913995
2024-07-15T00:00:00,34970,38390,34500,38390,1080791.374988
2024-07-16T00:00:00,38400,39770,36240,37870,671467.415431
2024-07-17T00:00:00,37930,38440,36510,36780,237173.126435
2024-07-18T00:00:00,36780,37440,35500,36570,243116.14288
2024-07-19T00:00:00,36550,37500,35400,37340,188655.194481
2024-07-20T00:00:00,37260,37710,36660,37540,174511.845746
2024-07-21T00:00:00,37540,37780,36530,37600,151811.180034
2024-07-22T00:00:00,37600,37630,36000,36170,121867.431075
2024-07-23T00:00:00,36240,36990,35320,35380,133372.255663
2024-07-24T00:00:00,35380,36080,34870,35000,105124.79797
2024-07-25T00:00:00,35000,35470,33450,34420,103272.736796
2024-07-26T00:00:00,34470,35740,34270,35740,85587.223578
2024-07-27T00:00:00,35740,37670,35510,36450,369032.202146
2024-07-28T00:00:00,36450,37380,35380,37110,158816.64099
2024-07-29T00:00:00,37110,39930,36330,38570,865218.280002
2024-07-30T00:00:00,38570,39860,36800,37520,504285.933769
2024-07-31T00:00:00,37530,37720,35810,35820,181402.100112
2024-08-01T00:00:00,35820,36110,34100,35340,146000.13701
2024-08-02T00:00:00,35410,36610,32910,33120,189195.378013
2024-08-03T00:00:00,33140,33520,31640,32300,112312.802457
2024-08-04T00:00:00,32250,32420,30000,30110,84427.502648
2024-08-05T00:00:00,30140,31100,25500,28670,339197.270653
2024-08-06T00:00:00,28860,30300,28270,29750,162735.733511
2024-08-07T00:00:00,29810,32210,28380,29040,239708.896024
2024-08-08T00:00:00,29020,32520,28880,32200,423916.830214
2024-08-09T00:00:00,32120,33510,30950,31860,175710.68896
2024-08-10T00:00:00,31800,32120,31310,31920,62798.547169
2024-08-11T00:00:00,31920,32010,30130,30330,81139.758498
2024-08-12T00:00:00,30260,31720,29970,31290,160272.992191
2024-08-13T00:00:00,31200,31690,30320,31440,90394.919877
2024-08-14T00:00:00,31440,32040,30510,31000,116460.495534
2024-08-15T00:00:00,30940,31290,30100,30430,49253.679633
2024-08-16T00:00:00,30400,31730,29640,30440,136475.853581
2024-08-17T00:00:00,30410,30500,30070,30230,26665.976167
2024-08-18T00:00:00,30230,30470,29840,29870,46945.315518
2024-08-19T00:00:00,29880,30040,29000,29730,56276.683629
2024-08-20T00:00:00,29670,30720,29500,29790,80919.122379
2024-08-21T00:00:00,29790,32390,29790,30960,320647.670621
2024-08-22T00:00:00,30960,31280,30250,30670,95916.474896
2024-08-23T00:00:00,30630,32190,30590,31990,113399.962837
2024-08-24T00:00:00,31990,32380,31360,32150,91684.02401
2024-08-25T00:00:00,32110,33230,31440,32000,163962.18513
2024-08-26T00:00:00,31990,32040,30670,30800,74181.574008
2024-08-27T00:00:00,30760,31650,29310,29740,110365.033652
2024-08-28T00:00:00,29740,30380,29300,29980,43864.443697
2024-08-29T00:00:00,29820,30440,29500,29880,32932.777548
2024-08-30T00:00:00,29880,30640,29000,29860,128497.290515
2024-08-31T00:00:00,29790,29900,29460,29530,18770.504053
2024-09-01T00:00:00,29580,29580,28420,28540,35657.612828
2024-09-02T00:00:00,28540,29440,28020,29300,54765.313072
2024-09-03T00:00:00,29320,29690,28080,28270,80855.640817
2024-09-04T00:00:00,28260,29070,27150,28830,78888.165707
2024-09-05T00:00:00,28840,29040,28020,28190,48472.434292
2024-09-06T00:00:00,28200,28470,26640,27370,62221.636649
2024-09-07T00:00:00,27360,27820,26680,27380,33415.757422
2024-09-08T00:00:00,27390,27940,27210,27740,26268.202484
2024-09-09T00:00:00,27740,28840,27550,28720,55860.230181
2024-09-10T00:00:00,28680,30040,28190,29600,163599.083943
2024-09-11T00:00:00,29600,29850,28420,29000,85948.820024
2024-09-12T00:00:00,29000,29390,28630,29230,78690.27459
2024-09-13T00:00:00,29230,30000,28800,29810,82344.404541
2024-09-14T00:00:00,29920,31540,29810,30240,325650.048832
2024-09-15T00:00:00,30240,30240,29080,29260,68589.582322
2024-09-16T00:00:00,29310,29800,28620,28850,90676.212971
2024-09-17T00:00:00,28850,30110,28770,29600,59651.030231
2024-09-18T00:00:00,29590,29950,28660,29940,78298.972252
2024-09-19T00:00:00,29950,30910,29670,30500,204212.812254
2024-09-20T00:00:00,30470,31290,29920,30930,184341.869028
2024-09-21T00:00:00,30930,31880,30600,31810,129013.213472
2024-09-22T00:00:00,31830,32130,30250,31260,138175.33512
2024-09-23T00:00:00,31170,31690,30400,31320,116961.173971
2024-09-24T00:00:00,31320,31900,30830,31800,91442.488232
2024-09-25T00:00:00,31800,33120,31340,31550,222645.27238
2024-09-26T00:00:00,31540,32780,31000,32740,135600.859723
2024-09-27T00:00:00,32710,34120,32680,33570,374338.194307
2024-09-28T00:00:00,33560,33560,32160,32530,106082.910434
2024-09-29T00:00:00,32540,32670,31970,32210,60568.008563
2024-09-30T00:00:00,32210,33780,31140,31200,291246.366357
2024-10-01T00:00:00,31220,32490,29780,29980,221801.534961
2024-10-02T00:00:00,29970,30890,29150,29510,131454.701809
2024-10-03T00:00:00,29510,30290,29130,29600,77442.40871
2024-10-04T00:00:00,29600,30520,29290,30290,58435.945356
2024-10-05T00:00:00,30420,30590,29910,30140,34592.440658
2024-10-06T00:00:00,30170,30530,30000,30340,36443.077008
2024-10-07T00:00:00,30340,30770,29870,30030,72085.525223
2024-10-08T00:00:00,30040,30410,29770,29990,47571.62357
2024-10-09T00:00:00,29990,30120,28640,29030,62878.642445
2024-10-10T00:00:00,29030,29320,28660,29090,42378.618012
2024-10-11T00:00:00,29090,29980,29040,29980,72123.668557
2024-10-12T00:00:00,29920,30250,29710,30050,50089.374463
2024-10-13T00:00:00,30050,30110,29210,29670,38449.257165
2024-10-14T00:00:00,29640,31950,29390,31950,342151.982388
2024-10-15T00:00:00,31950,32880,30800,31970,409850.800216
2024-10-16T00:00:00,31970,33000,31550,32420,319380.15698
2024-10-17T00:00:00,32410,33870,32100,32640,370052.032638
2024-10-18T00:00:00,32640,33120,32190,33110,148047.520972
2024-10-19T00:00:00,33110,33140,32120,32380,90802.787217
2024-10-20T00:00:00,32390,32820,31690,32650,92927.14018
2024-10-21T00:00:00,32650,32830,31200,31590,124024.880399
2024-10-22T00:00:00,31590,31850,31190,31480,65764.757746
2024-10-23T00:00:00,31480,31540,30240,30770,64309.832209
2024-10-24T00:00:00,30790,31370,30290,31270,128413.215891
2024-10-25T00:00:00,31280,31340,29800,30120,109779.549261
2024-10-26T00:00:00,30120,30690,29760,30100,107031.121829
2024-10-27T00:00:00,30150,30500,30000,30360,33219.153529
2024-10-28T00:00:00,30380,32880,29800,32290,358390.703253
2024-10-29T00:00:00,32110,33510,31710,33490,328394.610592
2024-10-30T00:00:00,33490,33500,31800,32460,192484.46235
2024-10-31T00:00:00,32440,33540,30810,31280,239267.21042
2024-11-01T00:00:00,31290,31670,30150,30760,112605.44791
2024-11-02T00:00:00,30750,31160,30250,30520,47051.998671
2024-11-03T00:00:00,30580,30580,28720,29250,93371.802153
2024-11-04T00:00:00,29300,31160,28620,29240,208025.936445
2024-11-05T00:00:00,29240,30700,28940,30010,99883.540521
2024-11-06T00:00:00,30070,32620,30040,32600,397565.168747
2024-11-07T00:00:00,32610,33450,31540,32570,268771.836044
2024-11-08T00:00:00,32530,33500,32080,33480,227170.96309
2024-11-09T00:00:00,33500,34460,32560,34340,216305.996108
2024-11-10T00:00:00,34350,37900,33570,36760,1038965.864341
2024-11-11T00:00:00,36740,43500,35200,41180,1027455.691582
2024-11-12T00:00:00,41180,42140,36830,39200,920532.305662
2024-11-13T00:00:00,39200,43070,35800,42730,1089174.25249
2024-11-14T00:00:00,42740,49580,40260,42000,2806650.101004
2024-11-15T00:00:00,42100,46400,41260,44110,764543.416147
2024-11-16T00:00:00,44100,47810,43150,46420,646065.35793
2024-11-17T00:00:00,46440,49410,43500,44670,716744.555576
2024-11-18T00:00:00,44560,46180,43710,45830,320560.566989
2024-11-19T00:00:00,45830,46180,44380,45750,221219.795083
2024-11-20T00:00:00,45760,46480,42450,46040,323921.150216
2024-11-21T00:00:00,46040,54950,43510,46730,4690139.828476
2024-11-22T00:00:00,46750,47800,42470,45890,1282261.631218
2024-11-23T00:00:00,45890,49200,44550,46530,1562188.127808
2024-11-24T00:00:00,46530,47640,42950,46090,914831.542548
2024-11-25T00:00:00,46090,46750,44060,44350,592740.314416
2024-11-26T00:00:00,44350,45620,42370,43750,420519.888613
2024-11-27T00:00:00,43730,46960,43140,46610,634283.075074
2024-11-28T00:00:00,46610,55000,46350,49010,6375601.928736
2024-11-29T00:00:00,49180,50650,47450,49270,999163.028447
2024-11-30T00:00:00,49270,51870,49000,49940,1033834.882137
2024-12-01T00:00:00,49940,50160,48370,49450,515313.01735
2024-12-02T00:00:00,49430,50970,46750,50380,1084243.221802
2024-12-03T00:00:00,50390,53230,30780,52760,2178223.973884
2024-12-04T00:00:00,52570,59850,50520,56910,2086360.08804
2024-12-05T00:00:00,56950,61270,52010,54200,2808631.177124
2024-12-06T00:00:00,54200,55550,50630,54220,958171.495487
2024-12-07T00:00:00,54240,54260,51800,52880,393315.454815
2024-12-08T00:00:00,52800,53890,51500,53880,342111.355617
2024-12-09T00:00:00,53880,53880,43580,47150,762730.111404
2024-12-10T00:00:00,47260,51000,33710,36110,7383035.459699
2024-12-11T00:00:00,36110,38900,28000,37710,9730716.891135
2024-12-12T00:00:00,37740,41400,35680,36010,5456259.836848
2024-12-13T00:00:00,36000,36010,32200,33080,2289752.136926
2024-12-14T00:00:00,33070,33860,29880,30970,1929655.039331
2024-12-15T00:00:00,30960,33270,30520,32410,2786322.366282
2024-12-16T00:00:00,32410,32600,29990,30560,1440563.202196
2024-12-17T00:00:00,30560,30600,23690,24480,2739078.361569
2024-12-18T00:00:00,24490,29870,24060,27240,9580746.859532
2024-12-19T00:00:00,27240,28520,25040,26600,3003213.751028
2024-12-20T00:00:00,26600,27700,22360,26450,2598164.662547
2024-12-21T00:00:00,26450,26560,23950,25560,1270511.187297
2024-12-22T00:00:00,25450,25560,24080,24970,807759.670789
2024-12-23T00:00:00,24970,26850,24400,26100,1669843.473957
2024-12-24T00:00:00,26100,30030,18220,19060,13089691.262416
2024-12-25T00:00:00,19100,20520,14410,15930,5126739.851419
2024-12-26T00:00:00,15930,18550,14110,16070,10329588.190971
2024-12-27T00:00:00,16070,16880,14990,15450,2138533.339577
2024-12-28T00:00:00,15470,15890,14360,15400,1537034.529778
2024-12-29T00:00:00,15410,15650,14550,14640,1133134.816419
2024-12-30T00:00:00,14700,15420,13760,14100,981577.425616
2024-12-31T00:00:00,14170,15910,13480,13830,2265399.131925
2025-01-01T00:00:00,13830,14000,12740,13100,783992.032608
2025-01-02T00:00:00,13100,13660,12360,12820,880527.116087
2025-01-03T00:00:00,12840,13560,12370,13170,1127773.300917
2025-01-04T00:00:00,13160,33520,13000,31010,57302229.073169
2025-01-05T00:00:00,30890,42750,23000,32860,73971454.090176
2025-01-06T00:00:00,32820,34660,26220,28980,18367027.628626
2025-01-07T00:00:00,29030,29100,23010,23840,6202809.935441
2025-01-08T00:00:00,23840,41500,23400,27630,73567423.704405
2025-01-09T00:00:00,27620,31760,24000,25020,15783165.857165
2025-01-10T00:00:00,25110,28880,23070,24010,5423458.618938
2025-01-11T00:00:00,24000,25120,20220,21500,2761478.602157
2025-01-12T00:00:00,21500,28660,18920,24600,27559574.29044
2025-01-13T00:00:00,24650,26890,21930,23720,13811318.077175
2025-01-14T00:00:00,23720,25480,21550,22320,5396134.110098
2025-01-15T00:00:00,22380,22700,19500,19890,3318465.409605
2025-01-16T00:00:00,19890,24000,19000,20840,11408729.447117
2025-01-17T00:00:00,20920,21300,19720,20490,2265472.943657
2025-01-18T00:00:00,20480,20990,16850,18320,2238801.364638
2025-01-19T00:00:00,18360,20510,16140,17220,4574297.133252
2025-01-20T00:00:00,17200,17750,13650,15420,3234107.191597
2025-01-21T00:00:00,15260,17390,13260,14150,5913811.167262
2025-01-22T00:00:00,14180,14630,11070,13000,4600050.379712
2025-01-23T00:00:00,,,,,0
2025-01-24T00:00:00,,,,,0
2025-01-25T00:00:00,,,,,0
2025-01-26T00:00:00,,,,,0
2025-01-27T00:00:00,,,,,0
2025-01-28T00:00:00,,,,,0
2025-01-29T00:00:00,,,,,0
2025-01-30T00:00:00,,,,,0
2025-01-31T00:00:00,,,,,0
2025-02-01T00:00:00,,,,,0
2025-02-02T00:00:00,,,,,0
2025-02-03T00:00:00,,,,,0
2025-02-04T00:00:00,,,,,0
2025-02-05T00:00:00,,,,,0
2025-02-06T00:00:00,,,,,0
2025-02-07T00:00:00,,,,,0
2025-02-08T00:00:00,,,,,0
2025-02-09T00:00:00,,,,,0
2025-02-10T00:00:00,,,,,0
2025-02-11T00:00:00,,,,,0
2025-02-12T00:00:00,,,,,0
